run_id,model_id,variant,dataset,fold,seed,horizon,profile,config_hash,dependencies,primary_metric,budget,status,result_path,failure_reason
full_B_EWMA_COV_default_etf_track_a_f0_s11_h20,B_EWMA_COV,default,etf_track_a,0,11,20,full,,,frobenius_cov_error,full,COMPLETED,runs/full/full_B_EWMA_COV_default_etf_track_a_f0_s11_h20/receipt.json,
full_B_EWMA_COV_default_etf_track_a_f0_s131_h20,B_EWMA_COV,default,etf_track_a,0,131,20,full,,,frobenius_cov_error,full,COMPLETED,runs/full/full_B_EWMA_COV_default_etf_track_a_f0_s131_h20/receipt.json,
full_B_EWMA_COV_default_etf_track_a_f0_s23_h20,B_EWMA_COV,default,etf_track_a,0,23,20,full,,,frobenius_cov_error,full,COMPLETED,runs/full/full_B_EWMA_COV_default_etf_track_a_f0_s23_h20/receipt.json,
full_B_EWMA_COV_default_etf_track_a_f0_s47_h20,B_EWMA_COV,default,etf_track_a,0,47,20,full,,,frobenius_cov_error,full,COMPLETED,runs/full/full_B_EWMA_COV_default_etf_track_a_f0_s47_h20/receipt.json,
full_B_EWMA_COV_default_etf_track_a_f0_s89_h20,B_EWMA_COV,default,etf_track_a,0,89,20,full,,,frobenius_cov_error,full,COMPLETED,runs/full/full_B_EWMA_COV_default_etf_track_a_f0_s89_h20/receipt.json,
full_B_EWMA_COV_default_etf_track_a_f1_s11_h20,B_EWMA_COV,default,etf_track_a,1,11,20,full,,,frobenius_cov_error,full,COMPLETED,runs/full/full_B_EWMA_COV_default_etf_track_a_f1_s11_h20/receipt.json,
full_B_EWMA_COV_default_etf_track_a_f1_s131_h20,B_EWMA_COV,default,etf_track_a,1,131,20,full,,,frobenius_cov_error,full,COMPLETED,runs/full/full_B_EWMA_COV_default_etf_track_a_f1_s131_h20/receipt.json,
full_B_EWMA_COV_default_etf_track_a_f1_s23_h20,B_EWMA_COV,default,etf_track_a,1,23,20,full,,,frobenius_cov_error,full,COMPLETED,runs/full/full_B_EWMA_COV_default_etf_track_a_f1_s23_h20/receipt.json,
full_B_EWMA_COV_default_etf_track_a_f1_s47_h20,B_EWMA_COV,default,etf_track_a,1,47,20,full,,,frobenius_cov_error,full,COMPLETED,runs/full/full_B_EWMA_COV_default_etf_track_a_f1_s47_h20/receipt.json,
full_B_EWMA_COV_default_etf_track_a_f1_s89_h20,B_EWMA_COV,default,etf_track_a,1,89,20,full,,,frobenius_cov_error,full,COMPLETED,runs/full/full_B_EWMA_COV_default_etf_track_a_f1_s89_h20/receipt.json,
full_B_EWMA_COV_default_etf_track_a_f2_s11_h20,B_EWMA_COV,default,etf_track_a,2,11,20,full,,,frobenius_cov_error,full,COMPLETED,runs/full/full_B_EWMA_COV_default_etf_track_a_f2_s11_h20/receipt.json,
full_B_EWMA_COV_default_etf_track_a_f2_s131_h20,B_EWMA_COV,default,etf_track_a,2,131,20,full,,,frobenius_cov_error,full,COMPLETED,runs/full/full_B_EWMA_COV_default_etf_track_a_f2_s131_h20/receipt.json,
full_B_EWMA_COV_default_etf_track_a_f2_s23_h20,B_EWMA_COV,default,etf_track_a,2,23,20,full,,,frobenius_cov_error,full,COMPLETED,runs/full/full_B_EWMA_COV_default_etf_track_a_f2_s23_h20/receipt.json,
full_B_EWMA_COV_default_etf_track_a_f2_s47_h20,B_EWMA_COV,default,etf_track_a,2,47,20,full,,,frobenius_cov_error,full,COMPLETED,runs/full/full_B_EWMA_COV_default_etf_track_a_f2_s47_h20/receipt.json,
full_B_EWMA_COV_default_etf_track_a_f2_s89_h20,B_EWMA_COV,default,etf_track_a,2,89,20,full,,,frobenius_cov_error,full,COMPLETED,runs/full/full_B_EWMA_COV_default_etf_track_a_f2_s89_h20/receipt.json,
full_B_EWMA_COV_default_etf_track_a_f3_s11_h20,B_EWMA_COV,default,etf_track_a,3,11,20,full,,,frobenius_cov_error,full,COMPLETED,runs/full/full_B_EWMA_COV_default_etf_track_a_f3_s11_h20/receipt.json,
full_B_EWMA_COV_default_etf_track_a_f3_s131_h20,B_EWMA_COV,default,etf_track_a,3,131,20,full,,,frobenius_cov_error,full,COMPLETED,runs/full/full_B_EWMA_COV_default_etf_track_a_f3_s131_h20/receipt.json,
full_B_EWMA_COV_default_etf_track_a_f3_s23_h20,B_EWMA_COV,default,etf_track_a,3,23,20,full,,,frobenius_cov_error,full,COMPLETED,runs/full/full_B_EWMA_COV_default_etf_track_a_f3_s23_h20/receipt.json,
full_B_EWMA_COV_default_etf_track_a_f3_s47_h20,B_EWMA_COV,default,etf_track_a,3,47,20,full,,,frobenius_cov_error,full,COMPLETED,runs/full/full_B_EWMA_COV_default_etf_track_a_f3_s47_h20/receipt.json,
full_B_EWMA_COV_default_etf_track_a_f3_s89_h20,B_EWMA_COV,default,etf_track_a,3,89,20,full,,,frobenius_cov_error,full,COMPLETED,runs/full/full_B_EWMA_COV_default_etf_track_a_f3_s89_h20/receipt.json,
full_B_EWMA_COV_default_synthetic_track_c_f0_s11_h20,B_EWMA_COV,default,synthetic_track_c,0,11,20,full,,,frobenius_cov_error,full,COMPLETED,runs/full/full_B_EWMA_COV_default_synthetic_track_c_f0_s11_h20/receipt.json,
full_B_EWMA_COV_default_synthetic_track_c_f0_s131_h20,B_EWMA_COV,default,synthetic_track_c,0,131,20,full,,,frobenius_cov_error,full,COMPLETED,runs/full/full_B_EWMA_COV_default_synthetic_track_c_f0_s131_h20/receipt.json,
full_B_EWMA_COV_default_synthetic_track_c_f0_s23_h20,B_EWMA_COV,default,synthetic_track_c,0,23,20,full,,,frobenius_cov_error,full,COMPLETED,runs/full/full_B_EWMA_COV_default_synthetic_track_c_f0_s23_h20/receipt.json,
full_B_EWMA_COV_default_synthetic_track_c_f0_s47_h20,B_EWMA_COV,default,synthetic_track_c,0,47,20,full,,,frobenius_cov_error,full,COMPLETED,runs/full/full_B_EWMA_COV_default_synthetic_track_c_f0_s47_h20/receipt.json,
full_B_EWMA_COV_default_synthetic_track_c_f0_s89_h20,B_EWMA_COV,default,synthetic_track_c,0,89,20,full,,,frobenius_cov_error,full,COMPLETED,runs/full/full_B_EWMA_COV_default_synthetic_track_c_f0_s89_h20/receipt.json,
full_B_EWMA_COV_default_synthetic_track_c_f1_s11_h20,B_EWMA_COV,default,synthetic_track_c,1,11,20,full,,,frobenius_cov_error,full,COMPLETED,runs/full/full_B_EWMA_COV_default_synthetic_track_c_f1_s11_h20/receipt.json,
full_B_EWMA_COV_default_synthetic_track_c_f1_s131_h20,B_EWMA_COV,default,synthetic_track_c,1,131,20,full,,,frobenius_cov_error,full,COMPLETED,runs/full/full_B_EWMA_COV_default_synthetic_track_c_f1_s131_h20/receipt.json,
full_B_EWMA_COV_default_synthetic_track_c_f1_s23_h20,B_EWMA_COV,default,synthetic_track_c,1,23,20,full,,,frobenius_cov_error,full,COMPLETED,runs/full/full_B_EWMA_COV_default_synthetic_track_c_f1_s23_h20/receipt.json,
full_B_EWMA_COV_default_synthetic_track_c_f1_s47_h20,B_EWMA_COV,default,synthetic_track_c,1,47,20,full,,,frobenius_cov_error,full,COMPLETED,runs/full/full_B_EWMA_COV_default_synthetic_track_c_f1_s47_h20/receipt.json,
full_B_EWMA_COV_default_synthetic_track_c_f1_s89_h20,B_EWMA_COV,default,synthetic_track_c,1,89,20,full,,,frobenius_cov_error,full,COMPLETED,runs/full/full_B_EWMA_COV_default_synthetic_track_c_f1_s89_h20/receipt.json,
full_B_EWMA_COV_default_synthetic_track_c_f2_s11_h20,B_EWMA_COV,default,synthetic_track_c,2,11,20,full,,,frobenius_cov_error,full,COMPLETED,runs/full/full_B_EWMA_COV_default_synthetic_track_c_f2_s11_h20/receipt.json,
full_B_EWMA_COV_default_synthetic_track_c_f2_s131_h20,B_EWMA_COV,default,synthetic_track_c,2,131,20,full,,,frobenius_cov_error,full,COMPLETED,runs/full/full_B_EWMA_COV_default_synthetic_track_c_f2_s131_h20/receipt.json,
full_B_EWMA_COV_default_synthetic_track_c_f2_s23_h20,B_EWMA_COV,default,synthetic_track_c,2,23,20,full,,,frobenius_cov_error,full,COMPLETED,runs/full/full_B_EWMA_COV_default_synthetic_track_c_f2_s23_h20/receipt.json,
full_B_EWMA_COV_default_synthetic_track_c_f2_s47_h20,B_EWMA_COV,default,synthetic_track_c,2,47,20,full,,,frobenius_cov_error,full,COMPLETED,runs/full/full_B_EWMA_COV_default_synthetic_track_c_f2_s47_h20/receipt.json,
full_B_EWMA_COV_default_synthetic_track_c_f2_s89_h20,B_EWMA_COV,default,synthetic_track_c,2,89,20,full,,,frobenius_cov_error,full,COMPLETED,runs/full/full_B_EWMA_COV_default_synthetic_track_c_f2_s89_h20/receipt.json,
full_B_EWMA_COV_default_synthetic_track_c_f3_s11_h20,B_EWMA_COV,default,synthetic_track_c,3,11,20,full,,,frobenius_cov_error,full,COMPLETED,runs/full/full_B_EWMA_COV_default_synthetic_track_c_f3_s11_h20/receipt.json,
full_B_EWMA_COV_default_synthetic_track_c_f3_s131_h20,B_EWMA_COV,default,synthetic_track_c,3,131,20,full,,,frobenius_cov_error,full,COMPLETED,runs/full/full_B_EWMA_COV_default_synthetic_track_c_f3_s131_h20/receipt.json,
full_B_EWMA_COV_default_synthetic_track_c_f3_s23_h20,B_EWMA_COV,default,synthetic_track_c,3,23,20,full,,,frobenius_cov_error,full,COMPLETED,runs/full/full_B_EWMA_COV_default_synthetic_track_c_f3_s23_h20/receipt.json,
full_B_EWMA_COV_default_synthetic_track_c_f3_s47_h20,B_EWMA_COV,default,synthetic_track_c,3,47,20,full,,,frobenius_cov_error,full,COMPLETED,runs/full/full_B_EWMA_COV_default_synthetic_track_c_f3_s47_h20/receipt.json,
full_B_EWMA_COV_default_synthetic_track_c_f3_s89_h20,B_EWMA_COV,default,synthetic_track_c,3,89,20,full,,,frobenius_cov_error,full,COMPLETED,runs/full/full_B_EWMA_COV_default_synthetic_track_c_f3_s89_h20/receipt.json,
full_B_PERSISTENCE_default_etf_track_a_f0_s11_h20,B_PERSISTENCE,default,etf_track_a,0,11,20,full,,,mse,full,COMPLETED,runs/full/full_B_PERSISTENCE_default_etf_track_a_f0_s11_h20/receipt.json,
full_B_PERSISTENCE_default_etf_track_a_f0_s131_h20,B_PERSISTENCE,default,etf_track_a,0,131,20,full,,,mse,full,COMPLETED,runs/full/full_B_PERSISTENCE_default_etf_track_a_f0_s131_h20/receipt.json,
full_B_PERSISTENCE_default_etf_track_a_f0_s23_h20,B_PERSISTENCE,default,etf_track_a,0,23,20,full,,,mse,full,COMPLETED,runs/full/full_B_PERSISTENCE_default_etf_track_a_f0_s23_h20/receipt.json,
full_B_PERSISTENCE_default_etf_track_a_f0_s47_h20,B_PERSISTENCE,default,etf_track_a,0,47,20,full,,,mse,full,COMPLETED,runs/full/full_B_PERSISTENCE_default_etf_track_a_f0_s47_h20/receipt.json,
full_B_PERSISTENCE_default_etf_track_a_f0_s89_h20,B_PERSISTENCE,default,etf_track_a,0,89,20,full,,,mse,full,COMPLETED,runs/full/full_B_PERSISTENCE_default_etf_track_a_f0_s89_h20/receipt.json,
full_B_PERSISTENCE_default_etf_track_a_f1_s11_h20,B_PERSISTENCE,default,etf_track_a,1,11,20,full,,,mse,full,COMPLETED,runs/full/full_B_PERSISTENCE_default_etf_track_a_f1_s11_h20/receipt.json,
full_B_PERSISTENCE_default_etf_track_a_f1_s131_h20,B_PERSISTENCE,default,etf_track_a,1,131,20,full,,,mse,full,COMPLETED,runs/full/full_B_PERSISTENCE_default_etf_track_a_f1_s131_h20/receipt.json,
full_B_PERSISTENCE_default_etf_track_a_f1_s23_h20,B_PERSISTENCE,default,etf_track_a,1,23,20,full,,,mse,full,COMPLETED,runs/full/full_B_PERSISTENCE_default_etf_track_a_f1_s23_h20/receipt.json,
full_B_PERSISTENCE_default_etf_track_a_f1_s47_h20,B_PERSISTENCE,default,etf_track_a,1,47,20,full,,,mse,full,COMPLETED,runs/full/full_B_PERSISTENCE_default_etf_track_a_f1_s47_h20/receipt.json,
full_B_PERSISTENCE_default_etf_track_a_f1_s89_h20,B_PERSISTENCE,default,etf_track_a,1,89,20,full,,,mse,full,COMPLETED,runs/full/full_B_PERSISTENCE_default_etf_track_a_f1_s89_h20/receipt.json,
full_B_PERSISTENCE_default_etf_track_a_f2_s11_h20,B_PERSISTENCE,default,etf_track_a,2,11,20,full,,,mse,full,COMPLETED,runs/full/full_B_PERSISTENCE_default_etf_track_a_f2_s11_h20/receipt.json,
full_B_PERSISTENCE_default_etf_track_a_f2_s131_h20,B_PERSISTENCE,default,etf_track_a,2,131,20,full,,,mse,full,COMPLETED,runs/full/full_B_PERSISTENCE_default_etf_track_a_f2_s131_h20/receipt.json,
full_B_PERSISTENCE_default_etf_track_a_f2_s23_h20,B_PERSISTENCE,default,etf_track_a,2,23,20,full,,,mse,full,COMPLETED,runs/full/full_B_PERSISTENCE_default_etf_track_a_f2_s23_h20/receipt.json,
full_B_PERSISTENCE_default_etf_track_a_f2_s47_h20,B_PERSISTENCE,default,etf_track_a,2,47,20,full,,,mse,full,COMPLETED,runs/full/full_B_PERSISTENCE_default_etf_track_a_f2_s47_h20/receipt.json,
full_B_PERSISTENCE_default_etf_track_a_f2_s89_h20,B_PERSISTENCE,default,etf_track_a,2,89,20,full,,,mse,full,COMPLETED,runs/full/full_B_PERSISTENCE_default_etf_track_a_f2_s89_h20/receipt.json,
full_B_PERSISTENCE_default_etf_track_a_f3_s11_h20,B_PERSISTENCE,default,etf_track_a,3,11,20,full,,,mse,full,COMPLETED,runs/full/full_B_PERSISTENCE_default_etf_track_a_f3_s11_h20/receipt.json,
full_B_PERSISTENCE_default_etf_track_a_f3_s131_h20,B_PERSISTENCE,default,etf_track_a,3,131,20,full,,,mse,full,COMPLETED,runs/full/full_B_PERSISTENCE_default_etf_track_a_f3_s131_h20/receipt.json,
full_B_PERSISTENCE_default_etf_track_a_f3_s23_h20,B_PERSISTENCE,default,etf_track_a,3,23,20,full,,,mse,full,COMPLETED,runs/full/full_B_PERSISTENCE_default_etf_track_a_f3_s23_h20/receipt.json,
full_B_PERSISTENCE_default_etf_track_a_f3_s47_h20,B_PERSISTENCE,default,etf_track_a,3,47,20,full,,,mse,full,COMPLETED,runs/full/full_B_PERSISTENCE_default_etf_track_a_f3_s47_h20/receipt.json,
full_B_PERSISTENCE_default_etf_track_a_f3_s89_h20,B_PERSISTENCE,default,etf_track_a,3,89,20,full,,,mse,full,COMPLETED,runs/full/full_B_PERSISTENCE_default_etf_track_a_f3_s89_h20/receipt.json,
full_B_PERSISTENCE_default_synthetic_track_c_f0_s11_h20,B_PERSISTENCE,default,synthetic_track_c,0,11,20,full,,,mse,full,COMPLETED,runs/full/full_B_PERSISTENCE_default_synthetic_track_c_f0_s11_h20/receipt.json,
full_B_PERSISTENCE_default_synthetic_track_c_f0_s131_h20,B_PERSISTENCE,default,synthetic_track_c,0,131,20,full,,,mse,full,COMPLETED,runs/full/full_B_PERSISTENCE_default_synthetic_track_c_f0_s131_h20/receipt.json,
full_B_PERSISTENCE_default_synthetic_track_c_f0_s23_h20,B_PERSISTENCE,default,synthetic_track_c,0,23,20,full,,,mse,full,COMPLETED,runs/full/full_B_PERSISTENCE_default_synthetic_track_c_f0_s23_h20/receipt.json,
full_B_PERSISTENCE_default_synthetic_track_c_f0_s47_h20,B_PERSISTENCE,default,synthetic_track_c,0,47,20,full,,,mse,full,COMPLETED,runs/full/full_B_PERSISTENCE_default_synthetic_track_c_f0_s47_h20/receipt.json,
full_B_PERSISTENCE_default_synthetic_track_c_f0_s89_h20,B_PERSISTENCE,default,synthetic_track_c,0,89,20,full,,,mse,full,COMPLETED,runs/full/full_B_PERSISTENCE_default_synthetic_track_c_f0_s89_h20/receipt.json,
full_B_PERSISTENCE_default_synthetic_track_c_f1_s11_h20,B_PERSISTENCE,default,synthetic_track_c,1,11,20,full,,,mse,full,COMPLETED,runs/full/full_B_PERSISTENCE_default_synthetic_track_c_f1_s11_h20/receipt.json,
full_B_PERSISTENCE_default_synthetic_track_c_f1_s131_h20,B_PERSISTENCE,default,synthetic_track_c,1,131,20,full,,,mse,full,COMPLETED,runs/full/full_B_PERSISTENCE_default_synthetic_track_c_f1_s131_h20/receipt.json,
full_B_PERSISTENCE_default_synthetic_track_c_f1_s23_h20,B_PERSISTENCE,default,synthetic_track_c,1,23,20,full,,,mse,full,COMPLETED,runs/full/full_B_PERSISTENCE_default_synthetic_track_c_f1_s23_h20/receipt.json,
full_B_PERSISTENCE_default_synthetic_track_c_f1_s47_h20,B_PERSISTENCE,default,synthetic_track_c,1,47,20,full,,,mse,full,COMPLETED,runs/full/full_B_PERSISTENCE_default_synthetic_track_c_f1_s47_h20/receipt.json,
full_B_PERSISTENCE_default_synthetic_track_c_f1_s89_h20,B_PERSISTENCE,default,synthetic_track_c,1,89,20,full,,,mse,full,COMPLETED,runs/full/full_B_PERSISTENCE_default_synthetic_track_c_f1_s89_h20/receipt.json,
full_B_PERSISTENCE_default_synthetic_track_c_f2_s11_h20,B_PERSISTENCE,default,synthetic_track_c,2,11,20,full,,,mse,full,COMPLETED,runs/full/full_B_PERSISTENCE_default_synthetic_track_c_f2_s11_h20/receipt.json,
full_B_PERSISTENCE_default_synthetic_track_c_f2_s131_h20,B_PERSISTENCE,default,synthetic_track_c,2,131,20,full,,,mse,full,COMPLETED,runs/full/full_B_PERSISTENCE_default_synthetic_track_c_f2_s131_h20/receipt.json,
full_B_PERSISTENCE_default_synthetic_track_c_f2_s23_h20,B_PERSISTENCE,default,synthetic_track_c,2,23,20,full,,,mse,full,COMPLETED,runs/full/full_B_PERSISTENCE_default_synthetic_track_c_f2_s23_h20/receipt.json,
full_B_PERSISTENCE_default_synthetic_track_c_f2_s47_h20,B_PERSISTENCE,default,synthetic_track_c,2,47,20,full,,,mse,full,COMPLETED,runs/full/full_B_PERSISTENCE_default_synthetic_track_c_f2_s47_h20/receipt.json,
full_B_PERSISTENCE_default_synthetic_track_c_f2_s89_h20,B_PERSISTENCE,default,synthetic_track_c,2,89,20,full,,,mse,full,COMPLETED,runs/full/full_B_PERSISTENCE_default_synthetic_track_c_f2_s89_h20/receipt.json,
full_B_PERSISTENCE_default_synthetic_track_c_f3_s11_h20,B_PERSISTENCE,default,synthetic_track_c,3,11,20,full,,,mse,full,COMPLETED,runs/full/full_B_PERSISTENCE_default_synthetic_track_c_f3_s11_h20/receipt.json,
full_B_PERSISTENCE_default_synthetic_track_c_f3_s131_h20,B_PERSISTENCE,default,synthetic_track_c,3,131,20,full,,,mse,full,COMPLETED,runs/full/full_B_PERSISTENCE_default_synthetic_track_c_f3_s131_h20/receipt.json,
full_B_PERSISTENCE_default_synthetic_track_c_f3_s23_h20,B_PERSISTENCE,default,synthetic_track_c,3,23,20,full,,,mse,full,COMPLETED,runs/full/full_B_PERSISTENCE_default_synthetic_track_c_f3_s23_h20/receipt.json,
full_B_PERSISTENCE_default_synthetic_track_c_f3_s47_h20,B_PERSISTENCE,default,synthetic_track_c,3,47,20,full,,,mse,full,COMPLETED,runs/full/full_B_PERSISTENCE_default_synthetic_track_c_f3_s47_h20/receipt.json,
full_B_PERSISTENCE_default_synthetic_track_c_f3_s89_h20,B_PERSISTENCE,default,synthetic_track_c,3,89,20,full,,,mse,full,COMPLETED,runs/full/full_B_PERSISTENCE_default_synthetic_track_c_f3_s89_h20/receipt.json,
full_B_RIDGE_default_etf_track_a_f0_s11_h20,B_RIDGE,default,etf_track_a,0,11,20,full,,,mse,full,COMPLETED,runs/full/full_B_RIDGE_default_etf_track_a_f0_s11_h20/receipt.json,
full_B_RIDGE_default_etf_track_a_f0_s131_h20,B_RIDGE,default,etf_track_a,0,131,20,full,,,mse,full,COMPLETED,runs/full/full_B_RIDGE_default_etf_track_a_f0_s131_h20/receipt.json,
full_B_RIDGE_default_etf_track_a_f0_s23_h20,B_RIDGE,default,etf_track_a,0,23,20,full,,,mse,full,COMPLETED,runs/full/full_B_RIDGE_default_etf_track_a_f0_s23_h20/receipt.json,
full_B_RIDGE_default_etf_track_a_f0_s47_h20,B_RIDGE,default,etf_track_a,0,47,20,full,,,mse,full,COMPLETED,runs/full/full_B_RIDGE_default_etf_track_a_f0_s47_h20/receipt.json,
full_B_RIDGE_default_etf_track_a_f0_s89_h20,B_RIDGE,default,etf_track_a,0,89,20,full,,,mse,full,COMPLETED,runs/full/full_B_RIDGE_default_etf_track_a_f0_s89_h20/receipt.json,
full_B_RIDGE_default_etf_track_a_f1_s11_h20,B_RIDGE,default,etf_track_a,1,11,20,full,,,mse,full,COMPLETED,runs/full/full_B_RIDGE_default_etf_track_a_f1_s11_h20/receipt.json,
full_B_RIDGE_default_etf_track_a_f1_s131_h20,B_RIDGE,default,etf_track_a,1,131,20,full,,,mse,full,COMPLETED,runs/full/full_B_RIDGE_default_etf_track_a_f1_s131_h20/receipt.json,
full_B_RIDGE_default_etf_track_a_f1_s23_h20,B_RIDGE,default,etf_track_a,1,23,20,full,,,mse,full,COMPLETED,runs/full/full_B_RIDGE_default_etf_track_a_f1_s23_h20/receipt.json,
full_B_RIDGE_default_etf_track_a_f1_s47_h20,B_RIDGE,default,etf_track_a,1,47,20,full,,,mse,full,COMPLETED,runs/full/full_B_RIDGE_default_etf_track_a_f1_s47_h20/receipt.json,
full_B_RIDGE_default_etf_track_a_f1_s89_h20,B_RIDGE,default,etf_track_a,1,89,20,full,,,mse,full,COMPLETED,runs/full/full_B_RIDGE_default_etf_track_a_f1_s89_h20/receipt.json,
full_B_RIDGE_default_etf_track_a_f2_s11_h20,B_RIDGE,default,etf_track_a,2,11,20,full,,,mse,full,COMPLETED,runs/full/full_B_RIDGE_default_etf_track_a_f2_s11_h20/receipt.json,
full_B_RIDGE_default_etf_track_a_f2_s131_h20,B_RIDGE,default,etf_track_a,2,131,20,full,,,mse,full,COMPLETED,runs/full/full_B_RIDGE_default_etf_track_a_f2_s131_h20/receipt.json,
full_B_RIDGE_default_etf_track_a_f2_s23_h20,B_RIDGE,default,etf_track_a,2,23,20,full,,,mse,full,COMPLETED,runs/full/full_B_RIDGE_default_etf_track_a_f2_s23_h20/receipt.json,
full_B_RIDGE_default_etf_track_a_f2_s47_h20,B_RIDGE,default,etf_track_a,2,47,20,full,,,mse,full,COMPLETED,runs/full/full_B_RIDGE_default_etf_track_a_f2_s47_h20/receipt.json,
full_B_RIDGE_default_etf_track_a_f2_s89_h20,B_RIDGE,default,etf_track_a,2,89,20,full,,,mse,full,COMPLETED,runs/full/full_B_RIDGE_default_etf_track_a_f2_s89_h20/receipt.json,
full_B_RIDGE_default_etf_track_a_f3_s11_h20,B_RIDGE,default,etf_track_a,3,11,20,full,,,mse,full,COMPLETED,runs/full/full_B_RIDGE_default_etf_track_a_f3_s11_h20/receipt.json,
full_B_RIDGE_default_etf_track_a_f3_s131_h20,B_RIDGE,default,etf_track_a,3,131,20,full,,,mse,full,COMPLETED,runs/full/full_B_RIDGE_default_etf_track_a_f3_s131_h20/receipt.json,
full_B_RIDGE_default_etf_track_a_f3_s23_h20,B_RIDGE,default,etf_track_a,3,23,20,full,,,mse,full,COMPLETED,runs/full/full_B_RIDGE_default_etf_track_a_f3_s23_h20/receipt.json,
full_B_RIDGE_default_etf_track_a_f3_s47_h20,B_RIDGE,default,etf_track_a,3,47,20,full,,,mse,full,COMPLETED,runs/full/full_B_RIDGE_default_etf_track_a_f3_s47_h20/receipt.json,
full_B_RIDGE_default_etf_track_a_f3_s89_h20,B_RIDGE,default,etf_track_a,3,89,20,full,,,mse,full,COMPLETED,runs/full/full_B_RIDGE_default_etf_track_a_f3_s89_h20/receipt.json,
full_B_RIDGE_default_synthetic_track_c_f0_s11_h20,B_RIDGE,default,synthetic_track_c,0,11,20,full,,,mse,full,COMPLETED,runs/full/full_B_RIDGE_default_synthetic_track_c_f0_s11_h20/receipt.json,
full_B_RIDGE_default_synthetic_track_c_f0_s131_h20,B_RIDGE,default,synthetic_track_c,0,131,20,full,,,mse,full,COMPLETED,runs/full/full_B_RIDGE_default_synthetic_track_c_f0_s131_h20/receipt.json,
full_B_RIDGE_default_synthetic_track_c_f0_s23_h20,B_RIDGE,default,synthetic_track_c,0,23,20,full,,,mse,full,COMPLETED,runs/full/full_B_RIDGE_default_synthetic_track_c_f0_s23_h20/receipt.json,
full_B_RIDGE_default_synthetic_track_c_f0_s47_h20,B_RIDGE,default,synthetic_track_c,0,47,20,full,,,mse,full,COMPLETED,runs/full/full_B_RIDGE_default_synthetic_track_c_f0_s47_h20/receipt.json,
full_B_RIDGE_default_synthetic_track_c_f0_s89_h20,B_RIDGE,default,synthetic_track_c,0,89,20,full,,,mse,full,COMPLETED,runs/full/full_B_RIDGE_default_synthetic_track_c_f0_s89_h20/receipt.json,
full_B_RIDGE_default_synthetic_track_c_f1_s11_h20,B_RIDGE,default,synthetic_track_c,1,11,20,full,,,mse,full,COMPLETED,runs/full/full_B_RIDGE_default_synthetic_track_c_f1_s11_h20/receipt.json,
full_B_RIDGE_default_synthetic_track_c_f1_s131_h20,B_RIDGE,default,synthetic_track_c,1,131,20,full,,,mse,full,COMPLETED,runs/full/full_B_RIDGE_default_synthetic_track_c_f1_s131_h20/receipt.json,
full_B_RIDGE_default_synthetic_track_c_f1_s23_h20,B_RIDGE,default,synthetic_track_c,1,23,20,full,,,mse,full,COMPLETED,runs/full/full_B_RIDGE_default_synthetic_track_c_f1_s23_h20/receipt.json,
full_B_RIDGE_default_synthetic_track_c_f1_s47_h20,B_RIDGE,default,synthetic_track_c,1,47,20,full,,,mse,full,COMPLETED,runs/full/full_B_RIDGE_default_synthetic_track_c_f1_s47_h20/receipt.json,
full_B_RIDGE_default_synthetic_track_c_f1_s89_h20,B_RIDGE,default,synthetic_track_c,1,89,20,full,,,mse,full,COMPLETED,runs/full/full_B_RIDGE_default_synthetic_track_c_f1_s89_h20/receipt.json,
full_B_RIDGE_default_synthetic_track_c_f2_s11_h20,B_RIDGE,default,synthetic_track_c,2,11,20,full,,,mse,full,COMPLETED,runs/full/full_B_RIDGE_default_synthetic_track_c_f2_s11_h20/receipt.json,
full_B_RIDGE_default_synthetic_track_c_f2_s131_h20,B_RIDGE,default,synthetic_track_c,2,131,20,full,,,mse,full,COMPLETED,runs/full/full_B_RIDGE_default_synthetic_track_c_f2_s131_h20/receipt.json,
full_B_RIDGE_default_synthetic_track_c_f2_s23_h20,B_RIDGE,default,synthetic_track_c,2,23,20,full,,,mse,full,COMPLETED,runs/full/full_B_RIDGE_default_synthetic_track_c_f2_s23_h20/receipt.json,
full_B_RIDGE_default_synthetic_track_c_f2_s47_h20,B_RIDGE,default,synthetic_track_c,2,47,20,full,,,mse,full,COMPLETED,runs/full/full_B_RIDGE_default_synthetic_track_c_f2_s47_h20/receipt.json,
full_B_RIDGE_default_synthetic_track_c_f2_s89_h20,B_RIDGE,default,synthetic_track_c,2,89,20,full,,,mse,full,COMPLETED,runs/full/full_B_RIDGE_default_synthetic_track_c_f2_s89_h20/receipt.json,
full_B_RIDGE_default_synthetic_track_c_f3_s11_h20,B_RIDGE,default,synthetic_track_c,3,11,20,full,,,mse,full,COMPLETED,runs/full/full_B_RIDGE_default_synthetic_track_c_f3_s11_h20/receipt.json,
full_B_RIDGE_default_synthetic_track_c_f3_s131_h20,B_RIDGE,default,synthetic_track_c,3,131,20,full,,,mse,full,COMPLETED,runs/full/full_B_RIDGE_default_synthetic_track_c_f3_s131_h20/receipt.json,
full_B_RIDGE_default_synthetic_track_c_f3_s23_h20,B_RIDGE,default,synthetic_track_c,3,23,20,full,,,mse,full,COMPLETED,runs/full/full_B_RIDGE_default_synthetic_track_c_f3_s23_h20/receipt.json,
full_B_RIDGE_default_synthetic_track_c_f3_s47_h20,B_RIDGE,default,synthetic_track_c,3,47,20,full,,,mse,full,COMPLETED,runs/full/full_B_RIDGE_default_synthetic_track_c_f3_s47_h20/receipt.json,
full_B_RIDGE_default_synthetic_track_c_f3_s89_h20,B_RIDGE,default,synthetic_track_c,3,89,20,full,,,mse,full,COMPLETED,runs/full/full_B_RIDGE_default_synthetic_track_c_f3_s89_h20/receipt.json,
full_M01_default_etf_track_a_f0_s11_h20,M01,default,etf_track_a,0,11,20,full,,,pinball_loss,full,COMPLETED,runs/full/full_M01_default_etf_track_a_f0_s11_h20/receipt.json,
full_M01_default_etf_track_a_f0_s131_h20,M01,default,etf_track_a,0,131,20,full,,,pinball_loss,full,COMPLETED,runs/full/full_M01_default_etf_track_a_f0_s131_h20/receipt.json,
full_M01_default_etf_track_a_f0_s23_h20,M01,default,etf_track_a,0,23,20,full,,,pinball_loss,full,COMPLETED,runs/full/full_M01_default_etf_track_a_f0_s23_h20/receipt.json,
full_M01_default_etf_track_a_f0_s47_h20,M01,default,etf_track_a,0,47,20,full,,,pinball_loss,full,COMPLETED,runs/full/full_M01_default_etf_track_a_f0_s47_h20/receipt.json,
full_M01_default_etf_track_a_f0_s89_h20,M01,default,etf_track_a,0,89,20,full,,,pinball_loss,full,COMPLETED,runs/full/full_M01_default_etf_track_a_f0_s89_h20/receipt.json,
full_M01_default_etf_track_a_f1_s11_h20,M01,default,etf_track_a,1,11,20,full,,,pinball_loss,full,COMPLETED,runs/full/full_M01_default_etf_track_a_f1_s11_h20/receipt.json,
full_M01_default_etf_track_a_f1_s131_h20,M01,default,etf_track_a,1,131,20,full,,,pinball_loss,full,COMPLETED,runs/full/full_M01_default_etf_track_a_f1_s131_h20/receipt.json,
full_M01_default_etf_track_a_f1_s23_h20,M01,default,etf_track_a,1,23,20,full,,,pinball_loss,full,COMPLETED,runs/full/full_M01_default_etf_track_a_f1_s23_h20/receipt.json,
full_M01_default_etf_track_a_f1_s47_h20,M01,default,etf_track_a,1,47,20,full,,,pinball_loss,full,COMPLETED,runs/full/full_M01_default_etf_track_a_f1_s47_h20/receipt.json,
full_M01_default_etf_track_a_f1_s89_h20,M01,default,etf_track_a,1,89,20,full,,,pinball_loss,full,COMPLETED,runs/full/full_M01_default_etf_track_a_f1_s89_h20/receipt.json,
full_M01_default_etf_track_a_f2_s11_h20,M01,default,etf_track_a,2,11,20,full,,,pinball_loss,full,COMPLETED,runs/full/full_M01_default_etf_track_a_f2_s11_h20/receipt.json,
full_M01_default_etf_track_a_f2_s131_h20,M01,default,etf_track_a,2,131,20,full,,,pinball_loss,full,COMPLETED,runs/full/full_M01_default_etf_track_a_f2_s131_h20/receipt.json,
full_M01_default_etf_track_a_f2_s23_h20,M01,default,etf_track_a,2,23,20,full,,,pinball_loss,full,COMPLETED,runs/full/full_M01_default_etf_track_a_f2_s23_h20/receipt.json,
full_M01_default_etf_track_a_f2_s47_h20,M01,default,etf_track_a,2,47,20,full,,,pinball_loss,full,COMPLETED,runs/full/full_M01_default_etf_track_a_f2_s47_h20/receipt.json,
full_M01_default_etf_track_a_f2_s89_h20,M01,default,etf_track_a,2,89,20,full,,,pinball_loss,full,COMPLETED,runs/full/full_M01_default_etf_track_a_f2_s89_h20/receipt.json,
full_M01_default_etf_track_a_f3_s11_h20,M01,default,etf_track_a,3,11,20,full,,,pinball_loss,full,COMPLETED,runs/full/full_M01_default_etf_track_a_f3_s11_h20/receipt.json,
full_M01_default_etf_track_a_f3_s131_h20,M01,default,etf_track_a,3,131,20,full,,,pinball_loss,full,COMPLETED,runs/full/full_M01_default_etf_track_a_f3_s131_h20/receipt.json,
full_M01_default_etf_track_a_f3_s23_h20,M01,default,etf_track_a,3,23,20,full,,,pinball_loss,full,COMPLETED,runs/full/full_M01_default_etf_track_a_f3_s23_h20/receipt.json,
full_M01_default_etf_track_a_f3_s47_h20,M01,default,etf_track_a,3,47,20,full,,,pinball_loss,full,COMPLETED,runs/full/full_M01_default_etf_track_a_f3_s47_h20/receipt.json,
full_M01_default_etf_track_a_f3_s89_h20,M01,default,etf_track_a,3,89,20,full,,,pinball_loss,full,COMPLETED,runs/full/full_M01_default_etf_track_a_f3_s89_h20/receipt.json,
full_M01_default_synthetic_track_c_f0_s11_h20,M01,default,synthetic_track_c,0,11,20,full,,,pinball_loss,full,COMPLETED,runs/full/full_M01_default_synthetic_track_c_f0_s11_h20/receipt.json,
full_M01_default_synthetic_track_c_f0_s131_h20,M01,default,synthetic_track_c,0,131,20,full,,,pinball_loss,full,COMPLETED,runs/full/full_M01_default_synthetic_track_c_f0_s131_h20/receipt.json,
full_M01_default_synthetic_track_c_f0_s23_h20,M01,default,synthetic_track_c,0,23,20,full,,,pinball_loss,full,COMPLETED,runs/full/full_M01_default_synthetic_track_c_f0_s23_h20/receipt.json,
full_M01_default_synthetic_track_c_f0_s47_h20,M01,default,synthetic_track_c,0,47,20,full,,,pinball_loss,full,COMPLETED,runs/full/full_M01_default_synthetic_track_c_f0_s47_h20/receipt.json,
full_M01_default_synthetic_track_c_f0_s89_h20,M01,default,synthetic_track_c,0,89,20,full,,,pinball_loss,full,COMPLETED,runs/full/full_M01_default_synthetic_track_c_f0_s89_h20/receipt.json,
full_M01_default_synthetic_track_c_f1_s11_h20,M01,default,synthetic_track_c,1,11,20,full,,,pinball_loss,full,COMPLETED,runs/full/full_M01_default_synthetic_track_c_f1_s11_h20/receipt.json,
full_M01_default_synthetic_track_c_f1_s131_h20,M01,default,synthetic_track_c,1,131,20,full,,,pinball_loss,full,COMPLETED,runs/full/full_M01_default_synthetic_track_c_f1_s131_h20/receipt.json,
full_M01_default_synthetic_track_c_f1_s23_h20,M01,default,synthetic_track_c,1,23,20,full,,,pinball_loss,full,COMPLETED,runs/full/full_M01_default_synthetic_track_c_f1_s23_h20/receipt.json,
full_M01_default_synthetic_track_c_f1_s47_h20,M01,default,synthetic_track_c,1,47,20,full,,,pinball_loss,full,COMPLETED,runs/full/full_M01_default_synthetic_track_c_f1_s47_h20/receipt.json,
full_M01_default_synthetic_track_c_f1_s89_h20,M01,default,synthetic_track_c,1,89,20,full,,,pinball_loss,full,COMPLETED,runs/full/full_M01_default_synthetic_track_c_f1_s89_h20/receipt.json,
full_M01_default_synthetic_track_c_f2_s11_h20,M01,default,synthetic_track_c,2,11,20,full,,,pinball_loss,full,COMPLETED,runs/full/full_M01_default_synthetic_track_c_f2_s11_h20/receipt.json,
full_M01_default_synthetic_track_c_f2_s131_h20,M01,default,synthetic_track_c,2,131,20,full,,,pinball_loss,full,COMPLETED,runs/full/full_M01_default_synthetic_track_c_f2_s131_h20/receipt.json,
full_M01_default_synthetic_track_c_f2_s23_h20,M01,default,synthetic_track_c,2,23,20,full,,,pinball_loss,full,COMPLETED,runs/full/full_M01_default_synthetic_track_c_f2_s23_h20/receipt.json,
full_M01_default_synthetic_track_c_f2_s47_h20,M01,default,synthetic_track_c,2,47,20,full,,,pinball_loss,full,COMPLETED,runs/full/full_M01_default_synthetic_track_c_f2_s47_h20/receipt.json,
full_M01_default_synthetic_track_c_f2_s89_h20,M01,default,synthetic_track_c,2,89,20,full,,,pinball_loss,full,COMPLETED,runs/full/full_M01_default_synthetic_track_c_f2_s89_h20/receipt.json,
full_M01_default_synthetic_track_c_f3_s11_h20,M01,default,synthetic_track_c,3,11,20,full,,,pinball_loss,full,COMPLETED,runs/full/full_M01_default_synthetic_track_c_f3_s11_h20/receipt.json,
full_M01_default_synthetic_track_c_f3_s131_h20,M01,default,synthetic_track_c,3,131,20,full,,,pinball_loss,full,COMPLETED,runs/full/full_M01_default_synthetic_track_c_f3_s131_h20/receipt.json,
full_M01_default_synthetic_track_c_f3_s23_h20,M01,default,synthetic_track_c,3,23,20,full,,,pinball_loss,full,COMPLETED,runs/full/full_M01_default_synthetic_track_c_f3_s23_h20/receipt.json,
full_M01_default_synthetic_track_c_f3_s47_h20,M01,default,synthetic_track_c,3,47,20,full,,,pinball_loss,full,COMPLETED,runs/full/full_M01_default_synthetic_track_c_f3_s47_h20/receipt.json,
full_M01_default_synthetic_track_c_f3_s89_h20,M01,default,synthetic_track_c,3,89,20,full,,,pinball_loss,full,COMPLETED,runs/full/full_M01_default_synthetic_track_c_f3_s89_h20/receipt.json,
full_M02_default_etf_track_a_f0_s11_h20,M02,default,etf_track_a,0,11,20,full,,,spearman_ic,full,COMPLETED,runs/full/full_M02_default_etf_track_a_f0_s11_h20/receipt.json,
full_M02_default_etf_track_a_f0_s131_h20,M02,default,etf_track_a,0,131,20,full,,,spearman_ic,full,COMPLETED,runs/full/full_M02_default_etf_track_a_f0_s131_h20/receipt.json,
full_M02_default_etf_track_a_f0_s23_h20,M02,default,etf_track_a,0,23,20,full,,,spearman_ic,full,COMPLETED,runs/full/full_M02_default_etf_track_a_f0_s23_h20/receipt.json,
full_M02_default_etf_track_a_f0_s47_h20,M02,default,etf_track_a,0,47,20,full,,,spearman_ic,full,COMPLETED,runs/full/full_M02_default_etf_track_a_f0_s47_h20/receipt.json,
full_M02_default_etf_track_a_f0_s89_h20,M02,default,etf_track_a,0,89,20,full,,,spearman_ic,full,COMPLETED,runs/full/full_M02_default_etf_track_a_f0_s89_h20/receipt.json,
full_M02_default_etf_track_a_f1_s11_h20,M02,default,etf_track_a,1,11,20,full,,,spearman_ic,full,COMPLETED,runs/full/full_M02_default_etf_track_a_f1_s11_h20/receipt.json,
full_M02_default_etf_track_a_f1_s131_h20,M02,default,etf_track_a,1,131,20,full,,,spearman_ic,full,COMPLETED,runs/full/full_M02_default_etf_track_a_f1_s131_h20/receipt.json,
full_M02_default_etf_track_a_f1_s23_h20,M02,default,etf_track_a,1,23,20,full,,,spearman_ic,full,COMPLETED,runs/full/full_M02_default_etf_track_a_f1_s23_h20/receipt.json,
full_M02_default_etf_track_a_f1_s47_h20,M02,default,etf_track_a,1,47,20,full,,,spearman_ic,full,COMPLETED,runs/full/full_M02_default_etf_track_a_f1_s47_h20/receipt.json,
full_M02_default_etf_track_a_f1_s89_h20,M02,default,etf_track_a,1,89,20,full,,,spearman_ic,full,COMPLETED,runs/full/full_M02_default_etf_track_a_f1_s89_h20/receipt.json,
full_M02_default_etf_track_a_f2_s11_h20,M02,default,etf_track_a,2,11,20,full,,,spearman_ic,full,COMPLETED,runs/full/full_M02_default_etf_track_a_f2_s11_h20/receipt.json,
full_M02_default_etf_track_a_f2_s131_h20,M02,default,etf_track_a,2,131,20,full,,,spearman_ic,full,COMPLETED,runs/full/full_M02_default_etf_track_a_f2_s131_h20/receipt.json,
full_M02_default_etf_track_a_f2_s23_h20,M02,default,etf_track_a,2,23,20,full,,,spearman_ic,full,COMPLETED,runs/full/full_M02_default_etf_track_a_f2_s23_h20/receipt.json,
full_M02_default_etf_track_a_f2_s47_h20,M02,default,etf_track_a,2,47,20,full,,,spearman_ic,full,COMPLETED,runs/full/full_M02_default_etf_track_a_f2_s47_h20/receipt.json,
full_M02_default_etf_track_a_f2_s89_h20,M02,default,etf_track_a,2,89,20,full,,,spearman_ic,full,COMPLETED,runs/full/full_M02_default_etf_track_a_f2_s89_h20/receipt.json,
full_M02_default_etf_track_a_f3_s11_h20,M02,default,etf_track_a,3,11,20,full,,,spearman_ic,full,COMPLETED,runs/full/full_M02_default_etf_track_a_f3_s11_h20/receipt.json,
full_M02_default_etf_track_a_f3_s131_h20,M02,default,etf_track_a,3,131,20,full,,,spearman_ic,full,COMPLETED,runs/full/full_M02_default_etf_track_a_f3_s131_h20/receipt.json,
full_M02_default_etf_track_a_f3_s23_h20,M02,default,etf_track_a,3,23,20,full,,,spearman_ic,full,COMPLETED,runs/full/full_M02_default_etf_track_a_f3_s23_h20/receipt.json,
full_M02_default_etf_track_a_f3_s47_h20,M02,default,etf_track_a,3,47,20,full,,,spearman_ic,full,COMPLETED,runs/full/full_M02_default_etf_track_a_f3_s47_h20/receipt.json,
full_M02_default_etf_track_a_f3_s89_h20,M02,default,etf_track_a,3,89,20,full,,,spearman_ic,full,COMPLETED,runs/full/full_M02_default_etf_track_a_f3_s89_h20/receipt.json,
full_M02_default_synthetic_track_c_f0_s11_h20,M02,default,synthetic_track_c,0,11,20,full,,,spearman_ic,full,COMPLETED,runs/full/full_M02_default_synthetic_track_c_f0_s11_h20/receipt.json,
full_M02_default_synthetic_track_c_f0_s131_h20,M02,default,synthetic_track_c,0,131,20,full,,,spearman_ic,full,COMPLETED,runs/full/full_M02_default_synthetic_track_c_f0_s131_h20/receipt.json,
full_M02_default_synthetic_track_c_f0_s23_h20,M02,default,synthetic_track_c,0,23,20,full,,,spearman_ic,full,COMPLETED,runs/full/full_M02_default_synthetic_track_c_f0_s23_h20/receipt.json,
full_M02_default_synthetic_track_c_f0_s47_h20,M02,default,synthetic_track_c,0,47,20,full,,,spearman_ic,full,COMPLETED,runs/full/full_M02_default_synthetic_track_c_f0_s47_h20/receipt.json,
full_M02_default_synthetic_track_c_f0_s89_h20,M02,default,synthetic_track_c,0,89,20,full,,,spearman_ic,full,COMPLETED,runs/full/full_M02_default_synthetic_track_c_f0_s89_h20/receipt.json,
full_M02_default_synthetic_track_c_f1_s11_h20,M02,default,synthetic_track_c,1,11,20,full,,,spearman_ic,full,COMPLETED,runs/full/full_M02_default_synthetic_track_c_f1_s11_h20/receipt.json,
full_M02_default_synthetic_track_c_f1_s131_h20,M02,default,synthetic_track_c,1,131,20,full,,,spearman_ic,full,COMPLETED,runs/full/full_M02_default_synthetic_track_c_f1_s131_h20/receipt.json,
full_M02_default_synthetic_track_c_f1_s23_h20,M02,default,synthetic_track_c,1,23,20,full,,,spearman_ic,full,COMPLETED,runs/full/full_M02_default_synthetic_track_c_f1_s23_h20/receipt.json,
full_M02_default_synthetic_track_c_f1_s47_h20,M02,default,synthetic_track_c,1,47,20,full,,,spearman_ic,full,COMPLETED,runs/full/full_M02_default_synthetic_track_c_f1_s47_h20/receipt.json,
full_M02_default_synthetic_track_c_f1_s89_h20,M02,default,synthetic_track_c,1,89,20,full,,,spearman_ic,full,COMPLETED,runs/full/full_M02_default_synthetic_track_c_f1_s89_h20/receipt.json,
full_M02_default_synthetic_track_c_f2_s11_h20,M02,default,synthetic_track_c,2,11,20,full,,,spearman_ic,full,COMPLETED,runs/full/full_M02_default_synthetic_track_c_f2_s11_h20/receipt.json,
full_M02_default_synthetic_track_c_f2_s131_h20,M02,default,synthetic_track_c,2,131,20,full,,,spearman_ic,full,COMPLETED,runs/full/full_M02_default_synthetic_track_c_f2_s131_h20/receipt.json,
full_M02_default_synthetic_track_c_f2_s23_h20,M02,default,synthetic_track_c,2,23,20,full,,,spearman_ic,full,COMPLETED,runs/full/full_M02_default_synthetic_track_c_f2_s23_h20/receipt.json,
full_M02_default_synthetic_track_c_f2_s47_h20,M02,default,synthetic_track_c,2,47,20,full,,,spearman_ic,full,COMPLETED,runs/full/full_M02_default_synthetic_track_c_f2_s47_h20/receipt.json,
full_M02_default_synthetic_track_c_f2_s89_h20,M02,default,synthetic_track_c,2,89,20,full,,,spearman_ic,full,COMPLETED,runs/full/full_M02_default_synthetic_track_c_f2_s89_h20/receipt.json,
full_M02_default_synthetic_track_c_f3_s11_h20,M02,default,synthetic_track_c,3,11,20,full,,,spearman_ic,full,COMPLETED,runs/full/full_M02_default_synthetic_track_c_f3_s11_h20/receipt.json,
full_M02_default_synthetic_track_c_f3_s131_h20,M02,default,synthetic_track_c,3,131,20,full,,,spearman_ic,full,COMPLETED,runs/full/full_M02_default_synthetic_track_c_f3_s131_h20/receipt.json,
full_M02_default_synthetic_track_c_f3_s23_h20,M02,default,synthetic_track_c,3,23,20,full,,,spearman_ic,full,COMPLETED,runs/full/full_M02_default_synthetic_track_c_f3_s23_h20/receipt.json,
full_M02_default_synthetic_track_c_f3_s47_h20,M02,default,synthetic_track_c,3,47,20,full,,,spearman_ic,full,COMPLETED,runs/full/full_M02_default_synthetic_track_c_f3_s47_h20/receipt.json,
full_M02_default_synthetic_track_c_f3_s89_h20,M02,default,synthetic_track_c,3,89,20,full,,,spearman_ic,full,COMPLETED,runs/full/full_M02_default_synthetic_track_c_f3_s89_h20/receipt.json,
full_M03_default_etf_track_a_f0_s11_h20,M03,default,etf_track_a,0,11,20,full,,,mse,full,COMPLETED,runs/full/full_M03_default_etf_track_a_f0_s11_h20/receipt.json,
full_M03_default_etf_track_a_f0_s131_h20,M03,default,etf_track_a,0,131,20,full,,,mse,full,COMPLETED,runs/full/full_M03_default_etf_track_a_f0_s131_h20/receipt.json,
full_M03_default_etf_track_a_f0_s23_h20,M03,default,etf_track_a,0,23,20,full,,,mse,full,COMPLETED,runs/full/full_M03_default_etf_track_a_f0_s23_h20/receipt.json,
full_M03_default_etf_track_a_f0_s47_h20,M03,default,etf_track_a,0,47,20,full,,,mse,full,COMPLETED,runs/full/full_M03_default_etf_track_a_f0_s47_h20/receipt.json,
full_M03_default_etf_track_a_f0_s89_h20,M03,default,etf_track_a,0,89,20,full,,,mse,full,COMPLETED,runs/full/full_M03_default_etf_track_a_f0_s89_h20/receipt.json,
full_M03_default_etf_track_a_f1_s11_h20,M03,default,etf_track_a,1,11,20,full,,,mse,full,COMPLETED,runs/full/full_M03_default_etf_track_a_f1_s11_h20/receipt.json,
full_M03_default_etf_track_a_f1_s131_h20,M03,default,etf_track_a,1,131,20,full,,,mse,full,COMPLETED,runs/full/full_M03_default_etf_track_a_f1_s131_h20/receipt.json,
full_M03_default_etf_track_a_f1_s23_h20,M03,default,etf_track_a,1,23,20,full,,,mse,full,COMPLETED,runs/full/full_M03_default_etf_track_a_f1_s23_h20/receipt.json,
full_M03_default_etf_track_a_f1_s47_h20,M03,default,etf_track_a,1,47,20,full,,,mse,full,COMPLETED,runs/full/full_M03_default_etf_track_a_f1_s47_h20/receipt.json,
full_M03_default_etf_track_a_f1_s89_h20,M03,default,etf_track_a,1,89,20,full,,,mse,full,COMPLETED,runs/full/full_M03_default_etf_track_a_f1_s89_h20/receipt.json,
full_M03_default_etf_track_a_f2_s11_h20,M03,default,etf_track_a,2,11,20,full,,,mse,full,COMPLETED,runs/full/full_M03_default_etf_track_a_f2_s11_h20/receipt.json,
full_M03_default_etf_track_a_f2_s131_h20,M03,default,etf_track_a,2,131,20,full,,,mse,full,COMPLETED,runs/full/full_M03_default_etf_track_a_f2_s131_h20/receipt.json,
full_M03_default_etf_track_a_f2_s23_h20,M03,default,etf_track_a,2,23,20,full,,,mse,full,COMPLETED,runs/full/full_M03_default_etf_track_a_f2_s23_h20/receipt.json,
full_M03_default_etf_track_a_f2_s47_h20,M03,default,etf_track_a,2,47,20,full,,,mse,full,COMPLETED,runs/full/full_M03_default_etf_track_a_f2_s47_h20/receipt.json,
full_M03_default_etf_track_a_f2_s89_h20,M03,default,etf_track_a,2,89,20,full,,,mse,full,COMPLETED,runs/full/full_M03_default_etf_track_a_f2_s89_h20/receipt.json,
full_M03_default_etf_track_a_f3_s11_h20,M03,default,etf_track_a,3,11,20,full,,,mse,full,COMPLETED,runs/full/full_M03_default_etf_track_a_f3_s11_h20/receipt.json,
full_M03_default_etf_track_a_f3_s131_h20,M03,default,etf_track_a,3,131,20,full,,,mse,full,COMPLETED,runs/full/full_M03_default_etf_track_a_f3_s131_h20/receipt.json,
full_M03_default_etf_track_a_f3_s23_h20,M03,default,etf_track_a,3,23,20,full,,,mse,full,COMPLETED,runs/full/full_M03_default_etf_track_a_f3_s23_h20/receipt.json,
full_M03_default_etf_track_a_f3_s47_h20,M03,default,etf_track_a,3,47,20,full,,,mse,full,COMPLETED,runs/full/full_M03_default_etf_track_a_f3_s47_h20/receipt.json,
full_M03_default_etf_track_a_f3_s89_h20,M03,default,etf_track_a,3,89,20,full,,,mse,full,COMPLETED,runs/full/full_M03_default_etf_track_a_f3_s89_h20/receipt.json,
full_M03_default_synthetic_track_c_f0_s11_h20,M03,default,synthetic_track_c,0,11,20,full,,,mse,full,COMPLETED,runs/full/full_M03_default_synthetic_track_c_f0_s11_h20/receipt.json,
full_M03_default_synthetic_track_c_f0_s131_h20,M03,default,synthetic_track_c,0,131,20,full,,,mse,full,COMPLETED,runs/full/full_M03_default_synthetic_track_c_f0_s131_h20/receipt.json,
full_M03_default_synthetic_track_c_f0_s23_h20,M03,default,synthetic_track_c,0,23,20,full,,,mse,full,COMPLETED,runs/full/full_M03_default_synthetic_track_c_f0_s23_h20/receipt.json,
full_M03_default_synthetic_track_c_f0_s47_h20,M03,default,synthetic_track_c,0,47,20,full,,,mse,full,COMPLETED,runs/full/full_M03_default_synthetic_track_c_f0_s47_h20/receipt.json,
full_M03_default_synthetic_track_c_f0_s89_h20,M03,default,synthetic_track_c,0,89,20,full,,,mse,full,COMPLETED,runs/full/full_M03_default_synthetic_track_c_f0_s89_h20/receipt.json,
full_M03_default_synthetic_track_c_f1_s11_h20,M03,default,synthetic_track_c,1,11,20,full,,,mse,full,COMPLETED,runs/full/full_M03_default_synthetic_track_c_f1_s11_h20/receipt.json,
full_M03_default_synthetic_track_c_f1_s131_h20,M03,default,synthetic_track_c,1,131,20,full,,,mse,full,COMPLETED,runs/full/full_M03_default_synthetic_track_c_f1_s131_h20/receipt.json,
full_M03_default_synthetic_track_c_f1_s23_h20,M03,default,synthetic_track_c,1,23,20,full,,,mse,full,COMPLETED,runs/full/full_M03_default_synthetic_track_c_f1_s23_h20/receipt.json,
full_M03_default_synthetic_track_c_f1_s47_h20,M03,default,synthetic_track_c,1,47,20,full,,,mse,full,COMPLETED,runs/full/full_M03_default_synthetic_track_c_f1_s47_h20/receipt.json,
full_M03_default_synthetic_track_c_f1_s89_h20,M03,default,synthetic_track_c,1,89,20,full,,,mse,full,COMPLETED,runs/full/full_M03_default_synthetic_track_c_f1_s89_h20/receipt.json,
full_M03_default_synthetic_track_c_f2_s11_h20,M03,default,synthetic_track_c,2,11,20,full,,,mse,full,COMPLETED,runs/full/full_M03_default_synthetic_track_c_f2_s11_h20/receipt.json,
full_M03_default_synthetic_track_c_f2_s131_h20,M03,default,synthetic_track_c,2,131,20,full,,,mse,full,COMPLETED,runs/full/full_M03_default_synthetic_track_c_f2_s131_h20/receipt.json,
full_M03_default_synthetic_track_c_f2_s23_h20,M03,default,synthetic_track_c,2,23,20,full,,,mse,full,COMPLETED,runs/full/full_M03_default_synthetic_track_c_f2_s23_h20/receipt.json,
full_M03_default_synthetic_track_c_f2_s47_h20,M03,default,synthetic_track_c,2,47,20,full,,,mse,full,COMPLETED,runs/full/full_M03_default_synthetic_track_c_f2_s47_h20/receipt.json,
full_M03_default_synthetic_track_c_f2_s89_h20,M03,default,synthetic_track_c,2,89,20,full,,,mse,full,COMPLETED,runs/full/full_M03_default_synthetic_track_c_f2_s89_h20/receipt.json,
full_M03_default_synthetic_track_c_f3_s11_h20,M03,default,synthetic_track_c,3,11,20,full,,,mse,full,COMPLETED,runs/full/full_M03_default_synthetic_track_c_f3_s11_h20/receipt.json,
full_M03_default_synthetic_track_c_f3_s131_h20,M03,default,synthetic_track_c,3,131,20,full,,,mse,full,COMPLETED,runs/full/full_M03_default_synthetic_track_c_f3_s131_h20/receipt.json,
full_M03_default_synthetic_track_c_f3_s23_h20,M03,default,synthetic_track_c,3,23,20,full,,,mse,full,COMPLETED,runs/full/full_M03_default_synthetic_track_c_f3_s23_h20/receipt.json,
full_M03_default_synthetic_track_c_f3_s47_h20,M03,default,synthetic_track_c,3,47,20,full,,,mse,full,COMPLETED,runs/full/full_M03_default_synthetic_track_c_f3_s47_h20/receipt.json,
full_M03_default_synthetic_track_c_f3_s89_h20,M03,default,synthetic_track_c,3,89,20,full,,,mse,full,COMPLETED,runs/full/full_M03_default_synthetic_track_c_f3_s89_h20/receipt.json,
full_M04_default_etf_track_a_f0_s11_h20,M04,default,etf_track_a,0,11,20,full,,,mse,full,COMPLETED,runs/full/full_M04_default_etf_track_a_f0_s11_h20/receipt.json,
full_M04_default_etf_track_a_f0_s131_h20,M04,default,etf_track_a,0,131,20,full,,,mse,full,COMPLETED,runs/full/full_M04_default_etf_track_a_f0_s131_h20/receipt.json,
full_M04_default_etf_track_a_f0_s23_h20,M04,default,etf_track_a,0,23,20,full,,,mse,full,COMPLETED,runs/full/full_M04_default_etf_track_a_f0_s23_h20/receipt.json,
full_M04_default_etf_track_a_f0_s47_h20,M04,default,etf_track_a,0,47,20,full,,,mse,full,COMPLETED,runs/full/full_M04_default_etf_track_a_f0_s47_h20/receipt.json,
full_M04_default_etf_track_a_f0_s89_h20,M04,default,etf_track_a,0,89,20,full,,,mse,full,COMPLETED,runs/full/full_M04_default_etf_track_a_f0_s89_h20/receipt.json,
full_M04_default_etf_track_a_f1_s11_h20,M04,default,etf_track_a,1,11,20,full,,,mse,full,COMPLETED,runs/full/full_M04_default_etf_track_a_f1_s11_h20/receipt.json,
full_M04_default_etf_track_a_f1_s131_h20,M04,default,etf_track_a,1,131,20,full,,,mse,full,COMPLETED,runs/full/full_M04_default_etf_track_a_f1_s131_h20/receipt.json,
full_M04_default_etf_track_a_f1_s23_h20,M04,default,etf_track_a,1,23,20,full,,,mse,full,COMPLETED,runs/full/full_M04_default_etf_track_a_f1_s23_h20/receipt.json,
full_M04_default_etf_track_a_f1_s47_h20,M04,default,etf_track_a,1,47,20,full,,,mse,full,COMPLETED,runs/full/full_M04_default_etf_track_a_f1_s47_h20/receipt.json,
full_M04_default_etf_track_a_f1_s89_h20,M04,default,etf_track_a,1,89,20,full,,,mse,full,COMPLETED,runs/full/full_M04_default_etf_track_a_f1_s89_h20/receipt.json,
full_M04_default_etf_track_a_f2_s11_h20,M04,default,etf_track_a,2,11,20,full,,,mse,full,COMPLETED,runs/full/full_M04_default_etf_track_a_f2_s11_h20/receipt.json,
full_M04_default_etf_track_a_f2_s131_h20,M04,default,etf_track_a,2,131,20,full,,,mse,full,COMPLETED,runs/full/full_M04_default_etf_track_a_f2_s131_h20/receipt.json,
full_M04_default_etf_track_a_f2_s23_h20,M04,default,etf_track_a,2,23,20,full,,,mse,full,COMPLETED,runs/full/full_M04_default_etf_track_a_f2_s23_h20/receipt.json,
full_M04_default_etf_track_a_f2_s47_h20,M04,default,etf_track_a,2,47,20,full,,,mse,full,COMPLETED,runs/full/full_M04_default_etf_track_a_f2_s47_h20/receipt.json,
full_M04_default_etf_track_a_f2_s89_h20,M04,default,etf_track_a,2,89,20,full,,,mse,full,COMPLETED,runs/full/full_M04_default_etf_track_a_f2_s89_h20/receipt.json,
full_M04_default_etf_track_a_f3_s11_h20,M04,default,etf_track_a,3,11,20,full,,,mse,full,COMPLETED,runs/full/full_M04_default_etf_track_a_f3_s11_h20/receipt.json,
full_M04_default_etf_track_a_f3_s131_h20,M04,default,etf_track_a,3,131,20,full,,,mse,full,COMPLETED,runs/full/full_M04_default_etf_track_a_f3_s131_h20/receipt.json,
full_M04_default_etf_track_a_f3_s23_h20,M04,default,etf_track_a,3,23,20,full,,,mse,full,COMPLETED,runs/full/full_M04_default_etf_track_a_f3_s23_h20/receipt.json,
full_M04_default_etf_track_a_f3_s47_h20,M04,default,etf_track_a,3,47,20,full,,,mse,full,COMPLETED,runs/full/full_M04_default_etf_track_a_f3_s47_h20/receipt.json,
full_M04_default_etf_track_a_f3_s89_h20,M04,default,etf_track_a,3,89,20,full,,,mse,full,COMPLETED,runs/full/full_M04_default_etf_track_a_f3_s89_h20/receipt.json,
full_M04_default_synthetic_track_c_f0_s11_h20,M04,default,synthetic_track_c,0,11,20,full,,,mse,full,COMPLETED,runs/full/full_M04_default_synthetic_track_c_f0_s11_h20/receipt.json,
full_M04_default_synthetic_track_c_f0_s131_h20,M04,default,synthetic_track_c,0,131,20,full,,,mse,full,COMPLETED,runs/full/full_M04_default_synthetic_track_c_f0_s131_h20/receipt.json,
full_M04_default_synthetic_track_c_f0_s23_h20,M04,default,synthetic_track_c,0,23,20,full,,,mse,full,COMPLETED,runs/full/full_M04_default_synthetic_track_c_f0_s23_h20/receipt.json,
full_M04_default_synthetic_track_c_f0_s47_h20,M04,default,synthetic_track_c,0,47,20,full,,,mse,full,COMPLETED,runs/full/full_M04_default_synthetic_track_c_f0_s47_h20/receipt.json,
full_M04_default_synthetic_track_c_f0_s89_h20,M04,default,synthetic_track_c,0,89,20,full,,,mse,full,COMPLETED,runs/full/full_M04_default_synthetic_track_c_f0_s89_h20/receipt.json,
full_M04_default_synthetic_track_c_f1_s11_h20,M04,default,synthetic_track_c,1,11,20,full,,,mse,full,COMPLETED,runs/full/full_M04_default_synthetic_track_c_f1_s11_h20/receipt.json,
full_M04_default_synthetic_track_c_f1_s131_h20,M04,default,synthetic_track_c,1,131,20,full,,,mse,full,COMPLETED,runs/full/full_M04_default_synthetic_track_c_f1_s131_h20/receipt.json,
full_M04_default_synthetic_track_c_f1_s23_h20,M04,default,synthetic_track_c,1,23,20,full,,,mse,full,COMPLETED,runs/full/full_M04_default_synthetic_track_c_f1_s23_h20/receipt.json,
full_M04_default_synthetic_track_c_f1_s47_h20,M04,default,synthetic_track_c,1,47,20,full,,,mse,full,COMPLETED,runs/full/full_M04_default_synthetic_track_c_f1_s47_h20/receipt.json,
full_M04_default_synthetic_track_c_f1_s89_h20,M04,default,synthetic_track_c,1,89,20,full,,,mse,full,COMPLETED,runs/full/full_M04_default_synthetic_track_c_f1_s89_h20/receipt.json,
full_M04_default_synthetic_track_c_f2_s11_h20,M04,default,synthetic_track_c,2,11,20,full,,,mse,full,COMPLETED,runs/full/full_M04_default_synthetic_track_c_f2_s11_h20/receipt.json,
full_M04_default_synthetic_track_c_f2_s131_h20,M04,default,synthetic_track_c,2,131,20,full,,,mse,full,COMPLETED,runs/full/full_M04_default_synthetic_track_c_f2_s131_h20/receipt.json,
full_M04_default_synthetic_track_c_f2_s23_h20,M04,default,synthetic_track_c,2,23,20,full,,,mse,full,COMPLETED,runs/full/full_M04_default_synthetic_track_c_f2_s23_h20/receipt.json,
full_M04_default_synthetic_track_c_f2_s47_h20,M04,default,synthetic_track_c,2,47,20,full,,,mse,full,COMPLETED,runs/full/full_M04_default_synthetic_track_c_f2_s47_h20/receipt.json,
full_M04_default_synthetic_track_c_f2_s89_h20,M04,default,synthetic_track_c,2,89,20,full,,,mse,full,COMPLETED,runs/full/full_M04_default_synthetic_track_c_f2_s89_h20/receipt.json,
full_M04_default_synthetic_track_c_f3_s11_h20,M04,default,synthetic_track_c,3,11,20,full,,,mse,full,COMPLETED,runs/full/full_M04_default_synthetic_track_c_f3_s11_h20/receipt.json,
full_M04_default_synthetic_track_c_f3_s131_h20,M04,default,synthetic_track_c,3,131,20,full,,,mse,full,COMPLETED,runs/full/full_M04_default_synthetic_track_c_f3_s131_h20/receipt.json,
full_M04_default_synthetic_track_c_f3_s23_h20,M04,default,synthetic_track_c,3,23,20,full,,,mse,full,COMPLETED,runs/full/full_M04_default_synthetic_track_c_f3_s23_h20/receipt.json,
full_M04_default_synthetic_track_c_f3_s47_h20,M04,default,synthetic_track_c,3,47,20,full,,,mse,full,COMPLETED,runs/full/full_M04_default_synthetic_track_c_f3_s47_h20/receipt.json,
full_M04_default_synthetic_track_c_f3_s89_h20,M04,default,synthetic_track_c,3,89,20,full,,,mse,full,COMPLETED,runs/full/full_M04_default_synthetic_track_c_f3_s89_h20/receipt.json,
full_M05_default_etf_track_a_f0_s11_h20,M05,default,etf_track_a,0,11,20,full,,,mse,full,COMPLETED,runs/full/full_M05_default_etf_track_a_f0_s11_h20/receipt.json,
full_M05_default_etf_track_a_f0_s131_h20,M05,default,etf_track_a,0,131,20,full,,,mse,full,COMPLETED,runs/full/full_M05_default_etf_track_a_f0_s131_h20/receipt.json,
full_M05_default_etf_track_a_f0_s23_h20,M05,default,etf_track_a,0,23,20,full,,,mse,full,COMPLETED,runs/full/full_M05_default_etf_track_a_f0_s23_h20/receipt.json,
full_M05_default_etf_track_a_f0_s47_h20,M05,default,etf_track_a,0,47,20,full,,,mse,full,COMPLETED,runs/full/full_M05_default_etf_track_a_f0_s47_h20/receipt.json,
full_M05_default_etf_track_a_f0_s89_h20,M05,default,etf_track_a,0,89,20,full,,,mse,full,COMPLETED,runs/full/full_M05_default_etf_track_a_f0_s89_h20/receipt.json,
full_M05_default_etf_track_a_f1_s11_h20,M05,default,etf_track_a,1,11,20,full,,,mse,full,COMPLETED,runs/full/full_M05_default_etf_track_a_f1_s11_h20/receipt.json,
full_M05_default_etf_track_a_f1_s131_h20,M05,default,etf_track_a,1,131,20,full,,,mse,full,COMPLETED,runs/full/full_M05_default_etf_track_a_f1_s131_h20/receipt.json,
full_M05_default_etf_track_a_f1_s23_h20,M05,default,etf_track_a,1,23,20,full,,,mse,full,COMPLETED,runs/full/full_M05_default_etf_track_a_f1_s23_h20/receipt.json,
full_M05_default_etf_track_a_f1_s47_h20,M05,default,etf_track_a,1,47,20,full,,,mse,full,COMPLETED,runs/full/full_M05_default_etf_track_a_f1_s47_h20/receipt.json,
full_M05_default_etf_track_a_f1_s89_h20,M05,default,etf_track_a,1,89,20,full,,,mse,full,COMPLETED,runs/full/full_M05_default_etf_track_a_f1_s89_h20/receipt.json,
full_M05_default_etf_track_a_f2_s11_h20,M05,default,etf_track_a,2,11,20,full,,,mse,full,COMPLETED,runs/full/full_M05_default_etf_track_a_f2_s11_h20/receipt.json,
full_M05_default_etf_track_a_f2_s131_h20,M05,default,etf_track_a,2,131,20,full,,,mse,full,COMPLETED,runs/full/full_M05_default_etf_track_a_f2_s131_h20/receipt.json,
full_M05_default_etf_track_a_f2_s23_h20,M05,default,etf_track_a,2,23,20,full,,,mse,full,COMPLETED,runs/full/full_M05_default_etf_track_a_f2_s23_h20/receipt.json,
full_M05_default_etf_track_a_f2_s47_h20,M05,default,etf_track_a,2,47,20,full,,,mse,full,COMPLETED,runs/full/full_M05_default_etf_track_a_f2_s47_h20/receipt.json,
full_M05_default_etf_track_a_f2_s89_h20,M05,default,etf_track_a,2,89,20,full,,,mse,full,COMPLETED,runs/full/full_M05_default_etf_track_a_f2_s89_h20/receipt.json,
full_M05_default_etf_track_a_f3_s11_h20,M05,default,etf_track_a,3,11,20,full,,,mse,full,COMPLETED,runs/full/full_M05_default_etf_track_a_f3_s11_h20/receipt.json,
full_M05_default_etf_track_a_f3_s131_h20,M05,default,etf_track_a,3,131,20,full,,,mse,full,COMPLETED,runs/full/full_M05_default_etf_track_a_f3_s131_h20/receipt.json,
full_M05_default_etf_track_a_f3_s23_h20,M05,default,etf_track_a,3,23,20,full,,,mse,full,COMPLETED,runs/full/full_M05_default_etf_track_a_f3_s23_h20/receipt.json,
full_M05_default_etf_track_a_f3_s47_h20,M05,default,etf_track_a,3,47,20,full,,,mse,full,COMPLETED,runs/full/full_M05_default_etf_track_a_f3_s47_h20/receipt.json,
full_M05_default_etf_track_a_f3_s89_h20,M05,default,etf_track_a,3,89,20,full,,,mse,full,COMPLETED,runs/full/full_M05_default_etf_track_a_f3_s89_h20/receipt.json,
full_M05_default_synthetic_track_c_f0_s11_h20,M05,default,synthetic_track_c,0,11,20,full,,,mse,full,COMPLETED,runs/full/full_M05_default_synthetic_track_c_f0_s11_h20/receipt.json,
full_M05_default_synthetic_track_c_f0_s131_h20,M05,default,synthetic_track_c,0,131,20,full,,,mse,full,COMPLETED,runs/full/full_M05_default_synthetic_track_c_f0_s131_h20/receipt.json,
full_M05_default_synthetic_track_c_f0_s23_h20,M05,default,synthetic_track_c,0,23,20,full,,,mse,full,COMPLETED,runs/full/full_M05_default_synthetic_track_c_f0_s23_h20/receipt.json,
full_M05_default_synthetic_track_c_f0_s47_h20,M05,default,synthetic_track_c,0,47,20,full,,,mse,full,COMPLETED,runs/full/full_M05_default_synthetic_track_c_f0_s47_h20/receipt.json,
full_M05_default_synthetic_track_c_f0_s89_h20,M05,default,synthetic_track_c,0,89,20,full,,,mse,full,COMPLETED,runs/full/full_M05_default_synthetic_track_c_f0_s89_h20/receipt.json,
full_M05_default_synthetic_track_c_f1_s11_h20,M05,default,synthetic_track_c,1,11,20,full,,,mse,full,COMPLETED,runs/full/full_M05_default_synthetic_track_c_f1_s11_h20/receipt.json,
full_M05_default_synthetic_track_c_f1_s131_h20,M05,default,synthetic_track_c,1,131,20,full,,,mse,full,COMPLETED,runs/full/full_M05_default_synthetic_track_c_f1_s131_h20/receipt.json,
full_M05_default_synthetic_track_c_f1_s23_h20,M05,default,synthetic_track_c,1,23,20,full,,,mse,full,COMPLETED,runs/full/full_M05_default_synthetic_track_c_f1_s23_h20/receipt.json,
full_M05_default_synthetic_track_c_f1_s47_h20,M05,default,synthetic_track_c,1,47,20,full,,,mse,full,COMPLETED,runs/full/full_M05_default_synthetic_track_c_f1_s47_h20/receipt.json,
full_M05_default_synthetic_track_c_f1_s89_h20,M05,default,synthetic_track_c,1,89,20,full,,,mse,full,COMPLETED,runs/full/full_M05_default_synthetic_track_c_f1_s89_h20/receipt.json,
full_M05_default_synthetic_track_c_f2_s11_h20,M05,default,synthetic_track_c,2,11,20,full,,,mse,full,COMPLETED,runs/full/full_M05_default_synthetic_track_c_f2_s11_h20/receipt.json,
full_M05_default_synthetic_track_c_f2_s131_h20,M05,default,synthetic_track_c,2,131,20,full,,,mse,full,COMPLETED,runs/full/full_M05_default_synthetic_track_c_f2_s131_h20/receipt.json,
full_M05_default_synthetic_track_c_f2_s23_h20,M05,default,synthetic_track_c,2,23,20,full,,,mse,full,COMPLETED,runs/full/full_M05_default_synthetic_track_c_f2_s23_h20/receipt.json,
full_M05_default_synthetic_track_c_f2_s47_h20,M05,default,synthetic_track_c,2,47,20,full,,,mse,full,COMPLETED,runs/full/full_M05_default_synthetic_track_c_f2_s47_h20/receipt.json,
full_M05_default_synthetic_track_c_f2_s89_h20,M05,default,synthetic_track_c,2,89,20,full,,,mse,full,COMPLETED,runs/full/full_M05_default_synthetic_track_c_f2_s89_h20/receipt.json,
full_M05_default_synthetic_track_c_f3_s11_h20,M05,default,synthetic_track_c,3,11,20,full,,,mse,full,COMPLETED,runs/full/full_M05_default_synthetic_track_c_f3_s11_h20/receipt.json,
full_M05_default_synthetic_track_c_f3_s131_h20,M05,default,synthetic_track_c,3,131,20,full,,,mse,full,COMPLETED,runs/full/full_M05_default_synthetic_track_c_f3_s131_h20/receipt.json,
full_M05_default_synthetic_track_c_f3_s23_h20,M05,default,synthetic_track_c,3,23,20,full,,,mse,full,COMPLETED,runs/full/full_M05_default_synthetic_track_c_f3_s23_h20/receipt.json,
full_M05_default_synthetic_track_c_f3_s47_h20,M05,default,synthetic_track_c,3,47,20,full,,,mse,full,COMPLETED,runs/full/full_M05_default_synthetic_track_c_f3_s47_h20/receipt.json,
full_M05_default_synthetic_track_c_f3_s89_h20,M05,default,synthetic_track_c,3,89,20,full,,,mse,full,COMPLETED,runs/full/full_M05_default_synthetic_track_c_f3_s89_h20/receipt.json,
full_M06_default_etf_track_a_f0_s11_h20,M06,default,etf_track_a,0,11,20,full,,,latent_mse,full,COMPLETED,runs/full/full_M06_default_etf_track_a_f0_s11_h20/receipt.json,
full_M06_default_etf_track_a_f0_s131_h20,M06,default,etf_track_a,0,131,20,full,,,latent_mse,full,COMPLETED,runs/full/full_M06_default_etf_track_a_f0_s131_h20/receipt.json,
full_M06_default_etf_track_a_f0_s23_h20,M06,default,etf_track_a,0,23,20,full,,,latent_mse,full,COMPLETED,runs/full/full_M06_default_etf_track_a_f0_s23_h20/receipt.json,
full_M06_default_etf_track_a_f0_s47_h20,M06,default,etf_track_a,0,47,20,full,,,latent_mse,full,COMPLETED,runs/full/full_M06_default_etf_track_a_f0_s47_h20/receipt.json,
full_M06_default_etf_track_a_f0_s89_h20,M06,default,etf_track_a,0,89,20,full,,,latent_mse,full,COMPLETED,runs/full/full_M06_default_etf_track_a_f0_s89_h20/receipt.json,
full_M06_default_etf_track_a_f1_s11_h20,M06,default,etf_track_a,1,11,20,full,,,latent_mse,full,COMPLETED,runs/full/full_M06_default_etf_track_a_f1_s11_h20/receipt.json,
full_M06_default_etf_track_a_f1_s131_h20,M06,default,etf_track_a,1,131,20,full,,,latent_mse,full,COMPLETED,runs/full/full_M06_default_etf_track_a_f1_s131_h20/receipt.json,
full_M06_default_etf_track_a_f1_s23_h20,M06,default,etf_track_a,1,23,20,full,,,latent_mse,full,COMPLETED,runs/full/full_M06_default_etf_track_a_f1_s23_h20/receipt.json,
full_M06_default_etf_track_a_f1_s47_h20,M06,default,etf_track_a,1,47,20,full,,,latent_mse,full,COMPLETED,runs/full/full_M06_default_etf_track_a_f1_s47_h20/receipt.json,
full_M06_default_etf_track_a_f1_s89_h20,M06,default,etf_track_a,1,89,20,full,,,latent_mse,full,COMPLETED,runs/full/full_M06_default_etf_track_a_f1_s89_h20/receipt.json,
full_M06_default_etf_track_a_f2_s11_h20,M06,default,etf_track_a,2,11,20,full,,,latent_mse,full,COMPLETED,runs/full/full_M06_default_etf_track_a_f2_s11_h20/receipt.json,
full_M06_default_etf_track_a_f2_s131_h20,M06,default,etf_track_a,2,131,20,full,,,latent_mse,full,COMPLETED,runs/full/full_M06_default_etf_track_a_f2_s131_h20/receipt.json,
full_M06_default_etf_track_a_f2_s23_h20,M06,default,etf_track_a,2,23,20,full,,,latent_mse,full,COMPLETED,runs/full/full_M06_default_etf_track_a_f2_s23_h20/receipt.json,
full_M06_default_etf_track_a_f2_s47_h20,M06,default,etf_track_a,2,47,20,full,,,latent_mse,full,COMPLETED,runs/full/full_M06_default_etf_track_a_f2_s47_h20/receipt.json,
full_M06_default_etf_track_a_f2_s89_h20,M06,default,etf_track_a,2,89,20,full,,,latent_mse,full,COMPLETED,runs/full/full_M06_default_etf_track_a_f2_s89_h20/receipt.json,
full_M06_default_etf_track_a_f3_s11_h20,M06,default,etf_track_a,3,11,20,full,,,latent_mse,full,COMPLETED,runs/full/full_M06_default_etf_track_a_f3_s11_h20/receipt.json,
full_M06_default_etf_track_a_f3_s131_h20,M06,default,etf_track_a,3,131,20,full,,,latent_mse,full,COMPLETED,runs/full/full_M06_default_etf_track_a_f3_s131_h20/receipt.json,
full_M06_default_etf_track_a_f3_s23_h20,M06,default,etf_track_a,3,23,20,full,,,latent_mse,full,COMPLETED,runs/full/full_M06_default_etf_track_a_f3_s23_h20/receipt.json,
full_M06_default_etf_track_a_f3_s47_h20,M06,default,etf_track_a,3,47,20,full,,,latent_mse,full,COMPLETED,runs/full/full_M06_default_etf_track_a_f3_s47_h20/receipt.json,
full_M06_default_etf_track_a_f3_s89_h20,M06,default,etf_track_a,3,89,20,full,,,latent_mse,full,COMPLETED,runs/full/full_M06_default_etf_track_a_f3_s89_h20/receipt.json,
full_M06_default_synthetic_track_c_f0_s11_h20,M06,default,synthetic_track_c,0,11,20,full,,,latent_mse,full,COMPLETED,runs/full/full_M06_default_synthetic_track_c_f0_s11_h20/receipt.json,
full_M06_default_synthetic_track_c_f0_s131_h20,M06,default,synthetic_track_c,0,131,20,full,,,latent_mse,full,COMPLETED,runs/full/full_M06_default_synthetic_track_c_f0_s131_h20/receipt.json,
full_M06_default_synthetic_track_c_f0_s23_h20,M06,default,synthetic_track_c,0,23,20,full,,,latent_mse,full,COMPLETED,runs/full/full_M06_default_synthetic_track_c_f0_s23_h20/receipt.json,
full_M06_default_synthetic_track_c_f0_s47_h20,M06,default,synthetic_track_c,0,47,20,full,,,latent_mse,full,COMPLETED,runs/full/full_M06_default_synthetic_track_c_f0_s47_h20/receipt.json,
full_M06_default_synthetic_track_c_f0_s89_h20,M06,default,synthetic_track_c,0,89,20,full,,,latent_mse,full,COMPLETED,runs/full/full_M06_default_synthetic_track_c_f0_s89_h20/receipt.json,
full_M06_default_synthetic_track_c_f1_s11_h20,M06,default,synthetic_track_c,1,11,20,full,,,latent_mse,full,COMPLETED,runs/full/full_M06_default_synthetic_track_c_f1_s11_h20/receipt.json,
full_M06_default_synthetic_track_c_f1_s131_h20,M06,default,synthetic_track_c,1,131,20,full,,,latent_mse,full,COMPLETED,runs/full/full_M06_default_synthetic_track_c_f1_s131_h20/receipt.json,
full_M06_default_synthetic_track_c_f1_s23_h20,M06,default,synthetic_track_c,1,23,20,full,,,latent_mse,full,COMPLETED,runs/full/full_M06_default_synthetic_track_c_f1_s23_h20/receipt.json,
full_M06_default_synthetic_track_c_f1_s47_h20,M06,default,synthetic_track_c,1,47,20,full,,,latent_mse,full,COMPLETED,runs/full/full_M06_default_synthetic_track_c_f1_s47_h20/receipt.json,
full_M06_default_synthetic_track_c_f1_s89_h20,M06,default,synthetic_track_c,1,89,20,full,,,latent_mse,full,COMPLETED,runs/full/full_M06_default_synthetic_track_c_f1_s89_h20/receipt.json,
full_M06_default_synthetic_track_c_f2_s11_h20,M06,default,synthetic_track_c,2,11,20,full,,,latent_mse,full,COMPLETED,runs/full/full_M06_default_synthetic_track_c_f2_s11_h20/receipt.json,
full_M06_default_synthetic_track_c_f2_s131_h20,M06,default,synthetic_track_c,2,131,20,full,,,latent_mse,full,COMPLETED,runs/full/full_M06_default_synthetic_track_c_f2_s131_h20/receipt.json,
full_M06_default_synthetic_track_c_f2_s23_h20,M06,default,synthetic_track_c,2,23,20,full,,,latent_mse,full,COMPLETED,runs/full/full_M06_default_synthetic_track_c_f2_s23_h20/receipt.json,
full_M06_default_synthetic_track_c_f2_s47_h20,M06,default,synthetic_track_c,2,47,20,full,,,latent_mse,full,COMPLETED,runs/full/full_M06_default_synthetic_track_c_f2_s47_h20/receipt.json,
full_M06_default_synthetic_track_c_f2_s89_h20,M06,default,synthetic_track_c,2,89,20,full,,,latent_mse,full,COMPLETED,runs/full/full_M06_default_synthetic_track_c_f2_s89_h20/receipt.json,
full_M06_default_synthetic_track_c_f3_s11_h20,M06,default,synthetic_track_c,3,11,20,full,,,latent_mse,full,COMPLETED,runs/full/full_M06_default_synthetic_track_c_f3_s11_h20/receipt.json,
full_M06_default_synthetic_track_c_f3_s131_h20,M06,default,synthetic_track_c,3,131,20,full,,,latent_mse,full,COMPLETED,runs/full/full_M06_default_synthetic_track_c_f3_s131_h20/receipt.json,
full_M06_default_synthetic_track_c_f3_s23_h20,M06,default,synthetic_track_c,3,23,20,full,,,latent_mse,full,COMPLETED,runs/full/full_M06_default_synthetic_track_c_f3_s23_h20/receipt.json,
full_M06_default_synthetic_track_c_f3_s47_h20,M06,default,synthetic_track_c,3,47,20,full,,,latent_mse,full,COMPLETED,runs/full/full_M06_default_synthetic_track_c_f3_s47_h20/receipt.json,
full_M06_default_synthetic_track_c_f3_s89_h20,M06,default,synthetic_track_c,3,89,20,full,,,latent_mse,full,COMPLETED,runs/full/full_M06_default_synthetic_track_c_f3_s89_h20/receipt.json,
full_M07_default_etf_track_a_f0_s11_h20,M07,default,etf_track_a,0,11,20,full,,,cov_forecast_mse,full,COMPLETED,runs/full/full_M07_default_etf_track_a_f0_s11_h20/receipt.json,
full_M07_default_etf_track_a_f0_s131_h20,M07,default,etf_track_a,0,131,20,full,,,cov_forecast_mse,full,COMPLETED,runs/full/full_M07_default_etf_track_a_f0_s131_h20/receipt.json,
full_M07_default_etf_track_a_f0_s23_h20,M07,default,etf_track_a,0,23,20,full,,,cov_forecast_mse,full,COMPLETED,runs/full/full_M07_default_etf_track_a_f0_s23_h20/receipt.json,
full_M07_default_etf_track_a_f0_s47_h20,M07,default,etf_track_a,0,47,20,full,,,cov_forecast_mse,full,COMPLETED,runs/full/full_M07_default_etf_track_a_f0_s47_h20/receipt.json,
full_M07_default_etf_track_a_f0_s89_h20,M07,default,etf_track_a,0,89,20,full,,,cov_forecast_mse,full,COMPLETED,runs/full/full_M07_default_etf_track_a_f0_s89_h20/receipt.json,
full_M07_default_etf_track_a_f1_s11_h20,M07,default,etf_track_a,1,11,20,full,,,cov_forecast_mse,full,COMPLETED,runs/full/full_M07_default_etf_track_a_f1_s11_h20/receipt.json,
full_M07_default_etf_track_a_f1_s131_h20,M07,default,etf_track_a,1,131,20,full,,,cov_forecast_mse,full,COMPLETED,runs/full/full_M07_default_etf_track_a_f1_s131_h20/receipt.json,
full_M07_default_etf_track_a_f1_s23_h20,M07,default,etf_track_a,1,23,20,full,,,cov_forecast_mse,full,COMPLETED,runs/full/full_M07_default_etf_track_a_f1_s23_h20/receipt.json,
full_M07_default_etf_track_a_f1_s47_h20,M07,default,etf_track_a,1,47,20,full,,,cov_forecast_mse,full,COMPLETED,runs/full/full_M07_default_etf_track_a_f1_s47_h20/receipt.json,
full_M07_default_etf_track_a_f1_s89_h20,M07,default,etf_track_a,1,89,20,full,,,cov_forecast_mse,full,COMPLETED,runs/full/full_M07_default_etf_track_a_f1_s89_h20/receipt.json,
full_M07_default_etf_track_a_f2_s11_h20,M07,default,etf_track_a,2,11,20,full,,,cov_forecast_mse,full,COMPLETED,runs/full/full_M07_default_etf_track_a_f2_s11_h20/receipt.json,
full_M07_default_etf_track_a_f2_s131_h20,M07,default,etf_track_a,2,131,20,full,,,cov_forecast_mse,full,COMPLETED,runs/full/full_M07_default_etf_track_a_f2_s131_h20/receipt.json,
full_M07_default_etf_track_a_f2_s23_h20,M07,default,etf_track_a,2,23,20,full,,,cov_forecast_mse,full,COMPLETED,runs/full/full_M07_default_etf_track_a_f2_s23_h20/receipt.json,
full_M07_default_etf_track_a_f2_s47_h20,M07,default,etf_track_a,2,47,20,full,,,cov_forecast_mse,full,COMPLETED,runs/full/full_M07_default_etf_track_a_f2_s47_h20/receipt.json,
full_M07_default_etf_track_a_f2_s89_h20,M07,default,etf_track_a,2,89,20,full,,,cov_forecast_mse,full,COMPLETED,runs/full/full_M07_default_etf_track_a_f2_s89_h20/receipt.json,
full_M07_default_etf_track_a_f3_s11_h20,M07,default,etf_track_a,3,11,20,full,,,cov_forecast_mse,full,COMPLETED,runs/full/full_M07_default_etf_track_a_f3_s11_h20/receipt.json,
full_M07_default_etf_track_a_f3_s131_h20,M07,default,etf_track_a,3,131,20,full,,,cov_forecast_mse,full,COMPLETED,runs/full/full_M07_default_etf_track_a_f3_s131_h20/receipt.json,
full_M07_default_etf_track_a_f3_s23_h20,M07,default,etf_track_a,3,23,20,full,,,cov_forecast_mse,full,COMPLETED,runs/full/full_M07_default_etf_track_a_f3_s23_h20/receipt.json,
full_M07_default_etf_track_a_f3_s47_h20,M07,default,etf_track_a,3,47,20,full,,,cov_forecast_mse,full,COMPLETED,runs/full/full_M07_default_etf_track_a_f3_s47_h20/receipt.json,
full_M07_default_etf_track_a_f3_s89_h20,M07,default,etf_track_a,3,89,20,full,,,cov_forecast_mse,full,COMPLETED,runs/full/full_M07_default_etf_track_a_f3_s89_h20/receipt.json,
full_M07_default_synthetic_track_c_f0_s11_h20,M07,default,synthetic_track_c,0,11,20,full,,,cov_forecast_mse,full,COMPLETED,runs/full/full_M07_default_synthetic_track_c_f0_s11_h20/receipt.json,
full_M07_default_synthetic_track_c_f0_s131_h20,M07,default,synthetic_track_c,0,131,20,full,,,cov_forecast_mse,full,COMPLETED,runs/full/full_M07_default_synthetic_track_c_f0_s131_h20/receipt.json,
full_M07_default_synthetic_track_c_f0_s23_h20,M07,default,synthetic_track_c,0,23,20,full,,,cov_forecast_mse,full,COMPLETED,runs/full/full_M07_default_synthetic_track_c_f0_s23_h20/receipt.json,
full_M07_default_synthetic_track_c_f0_s47_h20,M07,default,synthetic_track_c,0,47,20,full,,,cov_forecast_mse,full,COMPLETED,runs/full/full_M07_default_synthetic_track_c_f0_s47_h20/receipt.json,
full_M07_default_synthetic_track_c_f0_s89_h20,M07,default,synthetic_track_c,0,89,20,full,,,cov_forecast_mse,full,COMPLETED,runs/full/full_M07_default_synthetic_track_c_f0_s89_h20/receipt.json,
full_M07_default_synthetic_track_c_f1_s11_h20,M07,default,synthetic_track_c,1,11,20,full,,,cov_forecast_mse,full,COMPLETED,runs/full/full_M07_default_synthetic_track_c_f1_s11_h20/receipt.json,
full_M07_default_synthetic_track_c_f1_s131_h20,M07,default,synthetic_track_c,1,131,20,full,,,cov_forecast_mse,full,COMPLETED,runs/full/full_M07_default_synthetic_track_c_f1_s131_h20/receipt.json,
full_M07_default_synthetic_track_c_f1_s23_h20,M07,default,synthetic_track_c,1,23,20,full,,,cov_forecast_mse,full,COMPLETED,runs/full/full_M07_default_synthetic_track_c_f1_s23_h20/receipt.json,
full_M07_default_synthetic_track_c_f1_s47_h20,M07,default,synthetic_track_c,1,47,20,full,,,cov_forecast_mse,full,COMPLETED,runs/full/full_M07_default_synthetic_track_c_f1_s47_h20/receipt.json,
full_M07_default_synthetic_track_c_f1_s89_h20,M07,default,synthetic_track_c,1,89,20,full,,,cov_forecast_mse,full,COMPLETED,runs/full/full_M07_default_synthetic_track_c_f1_s89_h20/receipt.json,
full_M07_default_synthetic_track_c_f2_s11_h20,M07,default,synthetic_track_c,2,11,20,full,,,cov_forecast_mse,full,COMPLETED,runs/full/full_M07_default_synthetic_track_c_f2_s11_h20/receipt.json,
full_M07_default_synthetic_track_c_f2_s131_h20,M07,default,synthetic_track_c,2,131,20,full,,,cov_forecast_mse,full,COMPLETED,runs/full/full_M07_default_synthetic_track_c_f2_s131_h20/receipt.json,
full_M07_default_synthetic_track_c_f2_s23_h20,M07,default,synthetic_track_c,2,23,20,full,,,cov_forecast_mse,full,COMPLETED,runs/full/full_M07_default_synthetic_track_c_f2_s23_h20/receipt.json,
full_M07_default_synthetic_track_c_f2_s47_h20,M07,default,synthetic_track_c,2,47,20,full,,,cov_forecast_mse,full,COMPLETED,runs/full/full_M07_default_synthetic_track_c_f2_s47_h20/receipt.json,
full_M07_default_synthetic_track_c_f2_s89_h20,M07,default,synthetic_track_c,2,89,20,full,,,cov_forecast_mse,full,COMPLETED,runs/full/full_M07_default_synthetic_track_c_f2_s89_h20/receipt.json,
full_M07_default_synthetic_track_c_f3_s11_h20,M07,default,synthetic_track_c,3,11,20,full,,,cov_forecast_mse,full,COMPLETED,runs/full/full_M07_default_synthetic_track_c_f3_s11_h20/receipt.json,
full_M07_default_synthetic_track_c_f3_s131_h20,M07,default,synthetic_track_c,3,131,20,full,,,cov_forecast_mse,full,COMPLETED,runs/full/full_M07_default_synthetic_track_c_f3_s131_h20/receipt.json,
full_M07_default_synthetic_track_c_f3_s23_h20,M07,default,synthetic_track_c,3,23,20,full,,,cov_forecast_mse,full,COMPLETED,runs/full/full_M07_default_synthetic_track_c_f3_s23_h20/receipt.json,
full_M07_default_synthetic_track_c_f3_s47_h20,M07,default,synthetic_track_c,3,47,20,full,,,cov_forecast_mse,full,COMPLETED,runs/full/full_M07_default_synthetic_track_c_f3_s47_h20/receipt.json,
full_M07_default_synthetic_track_c_f3_s89_h20,M07,default,synthetic_track_c,3,89,20,full,,,cov_forecast_mse,full,COMPLETED,runs/full/full_M07_default_synthetic_track_c_f3_s89_h20/receipt.json,
full_M08_default_etf_track_a_f0_s11_h20,M08,default,etf_track_a,0,11,20,full,,,graph_latent_mse,full,COMPLETED,runs/full/full_M08_default_etf_track_a_f0_s11_h20/receipt.json,
full_M08_default_etf_track_a_f0_s131_h20,M08,default,etf_track_a,0,131,20,full,,,graph_latent_mse,full,COMPLETED,runs/full/full_M08_default_etf_track_a_f0_s131_h20/receipt.json,
full_M08_default_etf_track_a_f0_s23_h20,M08,default,etf_track_a,0,23,20,full,,,graph_latent_mse,full,COMPLETED,runs/full/full_M08_default_etf_track_a_f0_s23_h20/receipt.json,
full_M08_default_etf_track_a_f0_s47_h20,M08,default,etf_track_a,0,47,20,full,,,graph_latent_mse,full,COMPLETED,runs/full/full_M08_default_etf_track_a_f0_s47_h20/receipt.json,
full_M08_default_etf_track_a_f0_s89_h20,M08,default,etf_track_a,0,89,20,full,,,graph_latent_mse,full,COMPLETED,runs/full/full_M08_default_etf_track_a_f0_s89_h20/receipt.json,
full_M08_default_etf_track_a_f1_s11_h20,M08,default,etf_track_a,1,11,20,full,,,graph_latent_mse,full,COMPLETED,runs/full/full_M08_default_etf_track_a_f1_s11_h20/receipt.json,
full_M08_default_etf_track_a_f1_s131_h20,M08,default,etf_track_a,1,131,20,full,,,graph_latent_mse,full,COMPLETED,runs/full/full_M08_default_etf_track_a_f1_s131_h20/receipt.json,
full_M08_default_etf_track_a_f1_s23_h20,M08,default,etf_track_a,1,23,20,full,,,graph_latent_mse,full,COMPLETED,runs/full/full_M08_default_etf_track_a_f1_s23_h20/receipt.json,
full_M08_default_etf_track_a_f1_s47_h20,M08,default,etf_track_a,1,47,20,full,,,graph_latent_mse,full,COMPLETED,runs/full/full_M08_default_etf_track_a_f1_s47_h20/receipt.json,
full_M08_default_etf_track_a_f1_s89_h20,M08,default,etf_track_a,1,89,20,full,,,graph_latent_mse,full,COMPLETED,runs/full/full_M08_default_etf_track_a_f1_s89_h20/receipt.json,
full_M08_default_etf_track_a_f2_s11_h20,M08,default,etf_track_a,2,11,20,full,,,graph_latent_mse,full,COMPLETED,runs/full/full_M08_default_etf_track_a_f2_s11_h20/receipt.json,
full_M08_default_etf_track_a_f2_s131_h20,M08,default,etf_track_a,2,131,20,full,,,graph_latent_mse,full,COMPLETED,runs/full/full_M08_default_etf_track_a_f2_s131_h20/receipt.json,
full_M08_default_etf_track_a_f2_s23_h20,M08,default,etf_track_a,2,23,20,full,,,graph_latent_mse,full,COMPLETED,runs/full/full_M08_default_etf_track_a_f2_s23_h20/receipt.json,
full_M08_default_etf_track_a_f2_s47_h20,M08,default,etf_track_a,2,47,20,full,,,graph_latent_mse,full,COMPLETED,runs/full/full_M08_default_etf_track_a_f2_s47_h20/receipt.json,
full_M08_default_etf_track_a_f2_s89_h20,M08,default,etf_track_a,2,89,20,full,,,graph_latent_mse,full,COMPLETED,runs/full/full_M08_default_etf_track_a_f2_s89_h20/receipt.json,
full_M08_default_etf_track_a_f3_s11_h20,M08,default,etf_track_a,3,11,20,full,,,graph_latent_mse,full,COMPLETED,runs/full/full_M08_default_etf_track_a_f3_s11_h20/receipt.json,
full_M08_default_etf_track_a_f3_s131_h20,M08,default,etf_track_a,3,131,20,full,,,graph_latent_mse,full,COMPLETED,runs/full/full_M08_default_etf_track_a_f3_s131_h20/receipt.json,
full_M08_default_etf_track_a_f3_s23_h20,M08,default,etf_track_a,3,23,20,full,,,graph_latent_mse,full,COMPLETED,runs/full/full_M08_default_etf_track_a_f3_s23_h20/receipt.json,
full_M08_default_etf_track_a_f3_s47_h20,M08,default,etf_track_a,3,47,20,full,,,graph_latent_mse,full,COMPLETED,runs/full/full_M08_default_etf_track_a_f3_s47_h20/receipt.json,
full_M08_default_etf_track_a_f3_s89_h20,M08,default,etf_track_a,3,89,20,full,,,graph_latent_mse,full,COMPLETED,runs/full/full_M08_default_etf_track_a_f3_s89_h20/receipt.json,
full_M08_default_synthetic_track_c_f0_s11_h20,M08,default,synthetic_track_c,0,11,20,full,,,graph_latent_mse,full,COMPLETED,runs/full/full_M08_default_synthetic_track_c_f0_s11_h20/receipt.json,
full_M08_default_synthetic_track_c_f0_s131_h20,M08,default,synthetic_track_c,0,131,20,full,,,graph_latent_mse,full,COMPLETED,runs/full/full_M08_default_synthetic_track_c_f0_s131_h20/receipt.json,
full_M08_default_synthetic_track_c_f0_s23_h20,M08,default,synthetic_track_c,0,23,20,full,,,graph_latent_mse,full,COMPLETED,runs/full/full_M08_default_synthetic_track_c_f0_s23_h20/receipt.json,
full_M08_default_synthetic_track_c_f0_s47_h20,M08,default,synthetic_track_c,0,47,20,full,,,graph_latent_mse,full,COMPLETED,runs/full/full_M08_default_synthetic_track_c_f0_s47_h20/receipt.json,
full_M08_default_synthetic_track_c_f0_s89_h20,M08,default,synthetic_track_c,0,89,20,full,,,graph_latent_mse,full,COMPLETED,runs/full/full_M08_default_synthetic_track_c_f0_s89_h20/receipt.json,
full_M08_default_synthetic_track_c_f1_s11_h20,M08,default,synthetic_track_c,1,11,20,full,,,graph_latent_mse,full,COMPLETED,runs/full/full_M08_default_synthetic_track_c_f1_s11_h20/receipt.json,
full_M08_default_synthetic_track_c_f1_s131_h20,M08,default,synthetic_track_c,1,131,20,full,,,graph_latent_mse,full,COMPLETED,runs/full/full_M08_default_synthetic_track_c_f1_s131_h20/receipt.json,
full_M08_default_synthetic_track_c_f1_s23_h20,M08,default,synthetic_track_c,1,23,20,full,,,graph_latent_mse,full,COMPLETED,runs/full/full_M08_default_synthetic_track_c_f1_s23_h20/receipt.json,
full_M08_default_synthetic_track_c_f1_s47_h20,M08,default,synthetic_track_c,1,47,20,full,,,graph_latent_mse,full,COMPLETED,runs/full/full_M08_default_synthetic_track_c_f1_s47_h20/receipt.json,
full_M08_default_synthetic_track_c_f1_s89_h20,M08,default,synthetic_track_c,1,89,20,full,,,graph_latent_mse,full,COMPLETED,runs/full/full_M08_default_synthetic_track_c_f1_s89_h20/receipt.json,
full_M08_default_synthetic_track_c_f2_s11_h20,M08,default,synthetic_track_c,2,11,20,full,,,graph_latent_mse,full,COMPLETED,runs/full/full_M08_default_synthetic_track_c_f2_s11_h20/receipt.json,
full_M08_default_synthetic_track_c_f2_s131_h20,M08,default,synthetic_track_c,2,131,20,full,,,graph_latent_mse,full,COMPLETED,runs/full/full_M08_default_synthetic_track_c_f2_s131_h20/receipt.json,
full_M08_default_synthetic_track_c_f2_s23_h20,M08,default,synthetic_track_c,2,23,20,full,,,graph_latent_mse,full,COMPLETED,runs/full/full_M08_default_synthetic_track_c_f2_s23_h20/receipt.json,
full_M08_default_synthetic_track_c_f2_s47_h20,M08,default,synthetic_track_c,2,47,20,full,,,graph_latent_mse,full,COMPLETED,runs/full/full_M08_default_synthetic_track_c_f2_s47_h20/receipt.json,
full_M08_default_synthetic_track_c_f2_s89_h20,M08,default,synthetic_track_c,2,89,20,full,,,graph_latent_mse,full,COMPLETED,runs/full/full_M08_default_synthetic_track_c_f2_s89_h20/receipt.json,
full_M08_default_synthetic_track_c_f3_s11_h20,M08,default,synthetic_track_c,3,11,20,full,,,graph_latent_mse,full,COMPLETED,runs/full/full_M08_default_synthetic_track_c_f3_s11_h20/receipt.json,
full_M08_default_synthetic_track_c_f3_s131_h20,M08,default,synthetic_track_c,3,131,20,full,,,graph_latent_mse,full,COMPLETED,runs/full/full_M08_default_synthetic_track_c_f3_s131_h20/receipt.json,
full_M08_default_synthetic_track_c_f3_s23_h20,M08,default,synthetic_track_c,3,23,20,full,,,graph_latent_mse,full,COMPLETED,runs/full/full_M08_default_synthetic_track_c_f3_s23_h20/receipt.json,
full_M08_default_synthetic_track_c_f3_s47_h20,M08,default,synthetic_track_c,3,47,20,full,,,graph_latent_mse,full,COMPLETED,runs/full/full_M08_default_synthetic_track_c_f3_s47_h20/receipt.json,
full_M08_default_synthetic_track_c_f3_s89_h20,M08,default,synthetic_track_c,3,89,20,full,,,graph_latent_mse,full,COMPLETED,runs/full/full_M08_default_synthetic_track_c_f3_s89_h20/receipt.json,
full_M09_default_etf_track_a_f0_s11_h20,M09,default,etf_track_a,0,11,20,full,,,mse,full,COMPLETED,runs/full/full_M09_default_etf_track_a_f0_s11_h20/receipt.json,
full_M09_default_etf_track_a_f0_s131_h20,M09,default,etf_track_a,0,131,20,full,,,mse,full,COMPLETED,runs/full/full_M09_default_etf_track_a_f0_s131_h20/receipt.json,
full_M09_default_etf_track_a_f0_s23_h20,M09,default,etf_track_a,0,23,20,full,,,mse,full,COMPLETED,runs/full/full_M09_default_etf_track_a_f0_s23_h20/receipt.json,
full_M09_default_etf_track_a_f0_s47_h20,M09,default,etf_track_a,0,47,20,full,,,mse,full,COMPLETED,runs/full/full_M09_default_etf_track_a_f0_s47_h20/receipt.json,
full_M09_default_etf_track_a_f0_s89_h20,M09,default,etf_track_a,0,89,20,full,,,mse,full,COMPLETED,runs/full/full_M09_default_etf_track_a_f0_s89_h20/receipt.json,
full_M09_default_etf_track_a_f1_s11_h20,M09,default,etf_track_a,1,11,20,full,,,mse,full,COMPLETED,runs/full/full_M09_default_etf_track_a_f1_s11_h20/receipt.json,
full_M09_default_etf_track_a_f1_s131_h20,M09,default,etf_track_a,1,131,20,full,,,mse,full,COMPLETED,runs/full/full_M09_default_etf_track_a_f1_s131_h20/receipt.json,
full_M09_default_etf_track_a_f1_s23_h20,M09,default,etf_track_a,1,23,20,full,,,mse,full,COMPLETED,runs/full/full_M09_default_etf_track_a_f1_s23_h20/receipt.json,
full_M09_default_etf_track_a_f1_s47_h20,M09,default,etf_track_a,1,47,20,full,,,mse,full,COMPLETED,runs/full/full_M09_default_etf_track_a_f1_s47_h20/receipt.json,
full_M09_default_etf_track_a_f1_s89_h20,M09,default,etf_track_a,1,89,20,full,,,mse,full,COMPLETED,runs/full/full_M09_default_etf_track_a_f1_s89_h20/receipt.json,
full_M09_default_etf_track_a_f2_s11_h20,M09,default,etf_track_a,2,11,20,full,,,mse,full,COMPLETED,runs/full/full_M09_default_etf_track_a_f2_s11_h20/receipt.json,
full_M09_default_etf_track_a_f2_s131_h20,M09,default,etf_track_a,2,131,20,full,,,mse,full,COMPLETED,runs/full/full_M09_default_etf_track_a_f2_s131_h20/receipt.json,
full_M09_default_etf_track_a_f2_s23_h20,M09,default,etf_track_a,2,23,20,full,,,mse,full,COMPLETED,runs/full/full_M09_default_etf_track_a_f2_s23_h20/receipt.json,
full_M09_default_etf_track_a_f2_s47_h20,M09,default,etf_track_a,2,47,20,full,,,mse,full,COMPLETED,runs/full/full_M09_default_etf_track_a_f2_s47_h20/receipt.json,
full_M09_default_etf_track_a_f2_s89_h20,M09,default,etf_track_a,2,89,20,full,,,mse,full,COMPLETED,runs/full/full_M09_default_etf_track_a_f2_s89_h20/receipt.json,
full_M09_default_etf_track_a_f3_s11_h20,M09,default,etf_track_a,3,11,20,full,,,mse,full,COMPLETED,runs/full/full_M09_default_etf_track_a_f3_s11_h20/receipt.json,
full_M09_default_etf_track_a_f3_s131_h20,M09,default,etf_track_a,3,131,20,full,,,mse,full,COMPLETED,runs/full/full_M09_default_etf_track_a_f3_s131_h20/receipt.json,
full_M09_default_etf_track_a_f3_s23_h20,M09,default,etf_track_a,3,23,20,full,,,mse,full,COMPLETED,runs/full/full_M09_default_etf_track_a_f3_s23_h20/receipt.json,
full_M09_default_etf_track_a_f3_s47_h20,M09,default,etf_track_a,3,47,20,full,,,mse,full,COMPLETED,runs/full/full_M09_default_etf_track_a_f3_s47_h20/receipt.json,
full_M09_default_etf_track_a_f3_s89_h20,M09,default,etf_track_a,3,89,20,full,,,mse,full,COMPLETED,runs/full/full_M09_default_etf_track_a_f3_s89_h20/receipt.json,
full_M09_default_synthetic_track_c_f0_s11_h20,M09,default,synthetic_track_c,0,11,20,full,,,mse,full,COMPLETED,runs/full/full_M09_default_synthetic_track_c_f0_s11_h20/receipt.json,
full_M09_default_synthetic_track_c_f0_s131_h20,M09,default,synthetic_track_c,0,131,20,full,,,mse,full,COMPLETED,runs/full/full_M09_default_synthetic_track_c_f0_s131_h20/receipt.json,
full_M09_default_synthetic_track_c_f0_s23_h20,M09,default,synthetic_track_c,0,23,20,full,,,mse,full,COMPLETED,runs/full/full_M09_default_synthetic_track_c_f0_s23_h20/receipt.json,
full_M09_default_synthetic_track_c_f0_s47_h20,M09,default,synthetic_track_c,0,47,20,full,,,mse,full,COMPLETED,runs/full/full_M09_default_synthetic_track_c_f0_s47_h20/receipt.json,
full_M09_default_synthetic_track_c_f0_s89_h20,M09,default,synthetic_track_c,0,89,20,full,,,mse,full,COMPLETED,runs/full/full_M09_default_synthetic_track_c_f0_s89_h20/receipt.json,
full_M09_default_synthetic_track_c_f1_s11_h20,M09,default,synthetic_track_c,1,11,20,full,,,mse,full,COMPLETED,runs/full/full_M09_default_synthetic_track_c_f1_s11_h20/receipt.json,
full_M09_default_synthetic_track_c_f1_s131_h20,M09,default,synthetic_track_c,1,131,20,full,,,mse,full,COMPLETED,runs/full/full_M09_default_synthetic_track_c_f1_s131_h20/receipt.json,
full_M09_default_synthetic_track_c_f1_s23_h20,M09,default,synthetic_track_c,1,23,20,full,,,mse,full,COMPLETED,runs/full/full_M09_default_synthetic_track_c_f1_s23_h20/receipt.json,
full_M09_default_synthetic_track_c_f1_s47_h20,M09,default,synthetic_track_c,1,47,20,full,,,mse,full,COMPLETED,runs/full/full_M09_default_synthetic_track_c_f1_s47_h20/receipt.json,
full_M09_default_synthetic_track_c_f1_s89_h20,M09,default,synthetic_track_c,1,89,20,full,,,mse,full,COMPLETED,runs/full/full_M09_default_synthetic_track_c_f1_s89_h20/receipt.json,
full_M09_default_synthetic_track_c_f2_s11_h20,M09,default,synthetic_track_c,2,11,20,full,,,mse,full,COMPLETED,runs/full/full_M09_default_synthetic_track_c_f2_s11_h20/receipt.json,
full_M09_default_synthetic_track_c_f2_s131_h20,M09,default,synthetic_track_c,2,131,20,full,,,mse,full,COMPLETED,runs/full/full_M09_default_synthetic_track_c_f2_s131_h20/receipt.json,
full_M09_default_synthetic_track_c_f2_s23_h20,M09,default,synthetic_track_c,2,23,20,full,,,mse,full,COMPLETED,runs/full/full_M09_default_synthetic_track_c_f2_s23_h20/receipt.json,
full_M09_default_synthetic_track_c_f2_s47_h20,M09,default,synthetic_track_c,2,47,20,full,,,mse,full,COMPLETED,runs/full/full_M09_default_synthetic_track_c_f2_s47_h20/receipt.json,
full_M09_default_synthetic_track_c_f2_s89_h20,M09,default,synthetic_track_c,2,89,20,full,,,mse,full,COMPLETED,runs/full/full_M09_default_synthetic_track_c_f2_s89_h20/receipt.json,
full_M09_default_synthetic_track_c_f3_s11_h20,M09,default,synthetic_track_c,3,11,20,full,,,mse,full,COMPLETED,runs/full/full_M09_default_synthetic_track_c_f3_s11_h20/receipt.json,
full_M09_default_synthetic_track_c_f3_s131_h20,M09,default,synthetic_track_c,3,131,20,full,,,mse,full,COMPLETED,runs/full/full_M09_default_synthetic_track_c_f3_s131_h20/receipt.json,
full_M09_default_synthetic_track_c_f3_s23_h20,M09,default,synthetic_track_c,3,23,20,full,,,mse,full,COMPLETED,runs/full/full_M09_default_synthetic_track_c_f3_s23_h20/receipt.json,
full_M09_default_synthetic_track_c_f3_s47_h20,M09,default,synthetic_track_c,3,47,20,full,,,mse,full,COMPLETED,runs/full/full_M09_default_synthetic_track_c_f3_s47_h20/receipt.json,
full_M09_default_synthetic_track_c_f3_s89_h20,M09,default,synthetic_track_c,3,89,20,full,,,mse,full,COMPLETED,runs/full/full_M09_default_synthetic_track_c_f3_s89_h20/receipt.json,
full_M10_default_etf_track_a_f0_s11_h20,M10,default,etf_track_a,0,11,20,full,,,energy_score_proxy_mse,full,COMPLETED,runs/full/full_M10_default_etf_track_a_f0_s11_h20/receipt.json,
full_M10_default_etf_track_a_f0_s131_h20,M10,default,etf_track_a,0,131,20,full,,,energy_score_proxy_mse,full,COMPLETED,runs/full/full_M10_default_etf_track_a_f0_s131_h20/receipt.json,
full_M10_default_etf_track_a_f0_s23_h20,M10,default,etf_track_a,0,23,20,full,,,energy_score_proxy_mse,full,COMPLETED,runs/full/full_M10_default_etf_track_a_f0_s23_h20/receipt.json,
full_M10_default_etf_track_a_f0_s47_h20,M10,default,etf_track_a,0,47,20,full,,,energy_score_proxy_mse,full,COMPLETED,runs/full/full_M10_default_etf_track_a_f0_s47_h20/receipt.json,
full_M10_default_etf_track_a_f0_s89_h20,M10,default,etf_track_a,0,89,20,full,,,energy_score_proxy_mse,full,COMPLETED,runs/full/full_M10_default_etf_track_a_f0_s89_h20/receipt.json,
full_M10_default_etf_track_a_f1_s11_h20,M10,default,etf_track_a,1,11,20,full,,,energy_score_proxy_mse,full,COMPLETED,runs/full/full_M10_default_etf_track_a_f1_s11_h20/receipt.json,
full_M10_default_etf_track_a_f1_s131_h20,M10,default,etf_track_a,1,131,20,full,,,energy_score_proxy_mse,full,COMPLETED,runs/full/full_M10_default_etf_track_a_f1_s131_h20/receipt.json,
full_M10_default_etf_track_a_f1_s23_h20,M10,default,etf_track_a,1,23,20,full,,,energy_score_proxy_mse,full,COMPLETED,runs/full/full_M10_default_etf_track_a_f1_s23_h20/receipt.json,
full_M10_default_etf_track_a_f1_s47_h20,M10,default,etf_track_a,1,47,20,full,,,energy_score_proxy_mse,full,COMPLETED,runs/full/full_M10_default_etf_track_a_f1_s47_h20/receipt.json,
full_M10_default_etf_track_a_f1_s89_h20,M10,default,etf_track_a,1,89,20,full,,,energy_score_proxy_mse,full,COMPLETED,runs/full/full_M10_default_etf_track_a_f1_s89_h20/receipt.json,
full_M10_default_etf_track_a_f2_s11_h20,M10,default,etf_track_a,2,11,20,full,,,energy_score_proxy_mse,full,COMPLETED,runs/full/full_M10_default_etf_track_a_f2_s11_h20/receipt.json,
full_M10_default_etf_track_a_f2_s131_h20,M10,default,etf_track_a,2,131,20,full,,,energy_score_proxy_mse,full,COMPLETED,runs/full/full_M10_default_etf_track_a_f2_s131_h20/receipt.json,
full_M10_default_etf_track_a_f2_s23_h20,M10,default,etf_track_a,2,23,20,full,,,energy_score_proxy_mse,full,COMPLETED,runs/full/full_M10_default_etf_track_a_f2_s23_h20/receipt.json,
full_M10_default_etf_track_a_f2_s47_h20,M10,default,etf_track_a,2,47,20,full,,,energy_score_proxy_mse,full,COMPLETED,runs/full/full_M10_default_etf_track_a_f2_s47_h20/receipt.json,
full_M10_default_etf_track_a_f2_s89_h20,M10,default,etf_track_a,2,89,20,full,,,energy_score_proxy_mse,full,COMPLETED,runs/full/full_M10_default_etf_track_a_f2_s89_h20/receipt.json,
full_M10_default_etf_track_a_f3_s11_h20,M10,default,etf_track_a,3,11,20,full,,,energy_score_proxy_mse,full,COMPLETED,runs/full/full_M10_default_etf_track_a_f3_s11_h20/receipt.json,
full_M10_default_etf_track_a_f3_s131_h20,M10,default,etf_track_a,3,131,20,full,,,energy_score_proxy_mse,full,COMPLETED,runs/full/full_M10_default_etf_track_a_f3_s131_h20/receipt.json,
full_M10_default_etf_track_a_f3_s23_h20,M10,default,etf_track_a,3,23,20,full,,,energy_score_proxy_mse,full,COMPLETED,runs/full/full_M10_default_etf_track_a_f3_s23_h20/receipt.json,
full_M10_default_etf_track_a_f3_s47_h20,M10,default,etf_track_a,3,47,20,full,,,energy_score_proxy_mse,full,COMPLETED,runs/full/full_M10_default_etf_track_a_f3_s47_h20/receipt.json,
full_M10_default_etf_track_a_f3_s89_h20,M10,default,etf_track_a,3,89,20,full,,,energy_score_proxy_mse,full,COMPLETED,runs/full/full_M10_default_etf_track_a_f3_s89_h20/receipt.json,
full_M10_default_synthetic_track_c_f0_s11_h20,M10,default,synthetic_track_c,0,11,20,full,,,energy_score_proxy_mse,full,COMPLETED,runs/full/full_M10_default_synthetic_track_c_f0_s11_h20/receipt.json,
full_M10_default_synthetic_track_c_f0_s131_h20,M10,default,synthetic_track_c,0,131,20,full,,,energy_score_proxy_mse,full,COMPLETED,runs/full/full_M10_default_synthetic_track_c_f0_s131_h20/receipt.json,
full_M10_default_synthetic_track_c_f0_s23_h20,M10,default,synthetic_track_c,0,23,20,full,,,energy_score_proxy_mse,full,COMPLETED,runs/full/full_M10_default_synthetic_track_c_f0_s23_h20/receipt.json,
full_M10_default_synthetic_track_c_f0_s47_h20,M10,default,synthetic_track_c,0,47,20,full,,,energy_score_proxy_mse,full,COMPLETED,runs/full/full_M10_default_synthetic_track_c_f0_s47_h20/receipt.json,
full_M10_default_synthetic_track_c_f0_s89_h20,M10,default,synthetic_track_c,0,89,20,full,,,energy_score_proxy_mse,full,COMPLETED,runs/full/full_M10_default_synthetic_track_c_f0_s89_h20/receipt.json,
full_M10_default_synthetic_track_c_f1_s11_h20,M10,default,synthetic_track_c,1,11,20,full,,,energy_score_proxy_mse,full,COMPLETED,runs/full/full_M10_default_synthetic_track_c_f1_s11_h20/receipt.json,
full_M10_default_synthetic_track_c_f1_s131_h20,M10,default,synthetic_track_c,1,131,20,full,,,energy_score_proxy_mse,full,COMPLETED,runs/full/full_M10_default_synthetic_track_c_f1_s131_h20/receipt.json,
full_M10_default_synthetic_track_c_f1_s23_h20,M10,default,synthetic_track_c,1,23,20,full,,,energy_score_proxy_mse,full,COMPLETED,runs/full/full_M10_default_synthetic_track_c_f1_s23_h20/receipt.json,
full_M10_default_synthetic_track_c_f1_s47_h20,M10,default,synthetic_track_c,1,47,20,full,,,energy_score_proxy_mse,full,COMPLETED,runs/full/full_M10_default_synthetic_track_c_f1_s47_h20/receipt.json,
full_M10_default_synthetic_track_c_f1_s89_h20,M10,default,synthetic_track_c,1,89,20,full,,,energy_score_proxy_mse,full,COMPLETED,runs/full/full_M10_default_synthetic_track_c_f1_s89_h20/receipt.json,
full_M10_default_synthetic_track_c_f2_s11_h20,M10,default,synthetic_track_c,2,11,20,full,,,energy_score_proxy_mse,full,COMPLETED,runs/full/full_M10_default_synthetic_track_c_f2_s11_h20/receipt.json,
full_M10_default_synthetic_track_c_f2_s131_h20,M10,default,synthetic_track_c,2,131,20,full,,,energy_score_proxy_mse,full,COMPLETED,runs/full/full_M10_default_synthetic_track_c_f2_s131_h20/receipt.json,
full_M10_default_synthetic_track_c_f2_s23_h20,M10,default,synthetic_track_c,2,23,20,full,,,energy_score_proxy_mse,full,COMPLETED,runs/full/full_M10_default_synthetic_track_c_f2_s23_h20/receipt.json,
full_M10_default_synthetic_track_c_f2_s47_h20,M10,default,synthetic_track_c,2,47,20,full,,,energy_score_proxy_mse,full,COMPLETED,runs/full/full_M10_default_synthetic_track_c_f2_s47_h20/receipt.json,
full_M10_default_synthetic_track_c_f2_s89_h20,M10,default,synthetic_track_c,2,89,20,full,,,energy_score_proxy_mse,full,COMPLETED,runs/full/full_M10_default_synthetic_track_c_f2_s89_h20/receipt.json,
full_M10_default_synthetic_track_c_f3_s11_h20,M10,default,synthetic_track_c,3,11,20,full,,,energy_score_proxy_mse,full,COMPLETED,runs/full/full_M10_default_synthetic_track_c_f3_s11_h20/receipt.json,
full_M10_default_synthetic_track_c_f3_s131_h20,M10,default,synthetic_track_c,3,131,20,full,,,energy_score_proxy_mse,full,COMPLETED,runs/full/full_M10_default_synthetic_track_c_f3_s131_h20/receipt.json,
full_M10_default_synthetic_track_c_f3_s23_h20,M10,default,synthetic_track_c,3,23,20,full,,,energy_score_proxy_mse,full,COMPLETED,runs/full/full_M10_default_synthetic_track_c_f3_s23_h20/receipt.json,
full_M10_default_synthetic_track_c_f3_s47_h20,M10,default,synthetic_track_c,3,47,20,full,,,energy_score_proxy_mse,full,COMPLETED,runs/full/full_M10_default_synthetic_track_c_f3_s47_h20/receipt.json,
full_M10_default_synthetic_track_c_f3_s89_h20,M10,default,synthetic_track_c,3,89,20,full,,,energy_score_proxy_mse,full,COMPLETED,runs/full/full_M10_default_synthetic_track_c_f3_s89_h20/receipt.json,
full_M11_default_etf_track_a_f0_s11_h20,M11,default,etf_track_a,0,11,20,full,,,funding_shortfall,full,COMPLETED,runs/full/full_M11_default_etf_track_a_f0_s11_h20/receipt.json,
full_M11_default_etf_track_a_f0_s131_h20,M11,default,etf_track_a,0,131,20,full,,,funding_shortfall,full,COMPLETED,runs/full/full_M11_default_etf_track_a_f0_s131_h20/receipt.json,
full_M11_default_etf_track_a_f0_s23_h20,M11,default,etf_track_a,0,23,20,full,,,funding_shortfall,full,COMPLETED,runs/full/full_M11_default_etf_track_a_f0_s23_h20/receipt.json,
full_M11_default_etf_track_a_f0_s47_h20,M11,default,etf_track_a,0,47,20,full,,,funding_shortfall,full,COMPLETED,runs/full/full_M11_default_etf_track_a_f0_s47_h20/receipt.json,
full_M11_default_etf_track_a_f0_s89_h20,M11,default,etf_track_a,0,89,20,full,,,funding_shortfall,full,COMPLETED,runs/full/full_M11_default_etf_track_a_f0_s89_h20/receipt.json,
full_M11_default_etf_track_a_f1_s11_h20,M11,default,etf_track_a,1,11,20,full,,,funding_shortfall,full,COMPLETED,runs/full/full_M11_default_etf_track_a_f1_s11_h20/receipt.json,
full_M11_default_etf_track_a_f1_s131_h20,M11,default,etf_track_a,1,131,20,full,,,funding_shortfall,full,COMPLETED,runs/full/full_M11_default_etf_track_a_f1_s131_h20/receipt.json,
full_M11_default_etf_track_a_f1_s23_h20,M11,default,etf_track_a,1,23,20,full,,,funding_shortfall,full,COMPLETED,runs/full/full_M11_default_etf_track_a_f1_s23_h20/receipt.json,
full_M11_default_etf_track_a_f1_s47_h20,M11,default,etf_track_a,1,47,20,full,,,funding_shortfall,full,COMPLETED,runs/full/full_M11_default_etf_track_a_f1_s47_h20/receipt.json,
full_M11_default_etf_track_a_f1_s89_h20,M11,default,etf_track_a,1,89,20,full,,,funding_shortfall,full,COMPLETED,runs/full/full_M11_default_etf_track_a_f1_s89_h20/receipt.json,
full_M11_default_etf_track_a_f2_s11_h20,M11,default,etf_track_a,2,11,20,full,,,funding_shortfall,full,COMPLETED,runs/full/full_M11_default_etf_track_a_f2_s11_h20/receipt.json,
full_M11_default_etf_track_a_f2_s131_h20,M11,default,etf_track_a,2,131,20,full,,,funding_shortfall,full,COMPLETED,runs/full/full_M11_default_etf_track_a_f2_s131_h20/receipt.json,
full_M11_default_etf_track_a_f2_s23_h20,M11,default,etf_track_a,2,23,20,full,,,funding_shortfall,full,COMPLETED,runs/full/full_M11_default_etf_track_a_f2_s23_h20/receipt.json,
full_M11_default_etf_track_a_f2_s47_h20,M11,default,etf_track_a,2,47,20,full,,,funding_shortfall,full,COMPLETED,runs/full/full_M11_default_etf_track_a_f2_s47_h20/receipt.json,
full_M11_default_etf_track_a_f2_s89_h20,M11,default,etf_track_a,2,89,20,full,,,funding_shortfall,full,COMPLETED,runs/full/full_M11_default_etf_track_a_f2_s89_h20/receipt.json,
full_M11_default_etf_track_a_f3_s11_h20,M11,default,etf_track_a,3,11,20,full,,,funding_shortfall,full,COMPLETED,runs/full/full_M11_default_etf_track_a_f3_s11_h20/receipt.json,
full_M11_default_etf_track_a_f3_s131_h20,M11,default,etf_track_a,3,131,20,full,,,funding_shortfall,full,COMPLETED,runs/full/full_M11_default_etf_track_a_f3_s131_h20/receipt.json,
full_M11_default_etf_track_a_f3_s23_h20,M11,default,etf_track_a,3,23,20,full,,,funding_shortfall,full,COMPLETED,runs/full/full_M11_default_etf_track_a_f3_s23_h20/receipt.json,
full_M11_default_etf_track_a_f3_s47_h20,M11,default,etf_track_a,3,47,20,full,,,funding_shortfall,full,COMPLETED,runs/full/full_M11_default_etf_track_a_f3_s47_h20/receipt.json,
full_M11_default_etf_track_a_f3_s89_h20,M11,default,etf_track_a,3,89,20,full,,,funding_shortfall,full,COMPLETED,runs/full/full_M11_default_etf_track_a_f3_s89_h20/receipt.json,
full_M11_default_synthetic_track_c_f0_s11_h20,M11,default,synthetic_track_c,0,11,20,full,,,funding_shortfall,full,COMPLETED,runs/full/full_M11_default_synthetic_track_c_f0_s11_h20/receipt.json,
full_M11_default_synthetic_track_c_f0_s131_h20,M11,default,synthetic_track_c,0,131,20,full,,,funding_shortfall,full,COMPLETED,runs/full/full_M11_default_synthetic_track_c_f0_s131_h20/receipt.json,
full_M11_default_synthetic_track_c_f0_s23_h20,M11,default,synthetic_track_c,0,23,20,full,,,funding_shortfall,full,COMPLETED,runs/full/full_M11_default_synthetic_track_c_f0_s23_h20/receipt.json,
full_M11_default_synthetic_track_c_f0_s47_h20,M11,default,synthetic_track_c,0,47,20,full,,,funding_shortfall,full,COMPLETED,runs/full/full_M11_default_synthetic_track_c_f0_s47_h20/receipt.json,
full_M11_default_synthetic_track_c_f0_s89_h20,M11,default,synthetic_track_c,0,89,20,full,,,funding_shortfall,full,COMPLETED,runs/full/full_M11_default_synthetic_track_c_f0_s89_h20/receipt.json,
full_M11_default_synthetic_track_c_f1_s11_h20,M11,default,synthetic_track_c,1,11,20,full,,,funding_shortfall,full,COMPLETED,runs/full/full_M11_default_synthetic_track_c_f1_s11_h20/receipt.json,
full_M11_default_synthetic_track_c_f1_s131_h20,M11,default,synthetic_track_c,1,131,20,full,,,funding_shortfall,full,COMPLETED,runs/full/full_M11_default_synthetic_track_c_f1_s131_h20/receipt.json,
full_M11_default_synthetic_track_c_f1_s23_h20,M11,default,synthetic_track_c,1,23,20,full,,,funding_shortfall,full,COMPLETED,runs/full/full_M11_default_synthetic_track_c_f1_s23_h20/receipt.json,
full_M11_default_synthetic_track_c_f1_s47_h20,M11,default,synthetic_track_c,1,47,20,full,,,funding_shortfall,full,COMPLETED,runs/full/full_M11_default_synthetic_track_c_f1_s47_h20/receipt.json,
full_M11_default_synthetic_track_c_f1_s89_h20,M11,default,synthetic_track_c,1,89,20,full,,,funding_shortfall,full,COMPLETED,runs/full/full_M11_default_synthetic_track_c_f1_s89_h20/receipt.json,
full_M11_default_synthetic_track_c_f2_s11_h20,M11,default,synthetic_track_c,2,11,20,full,,,funding_shortfall,full,COMPLETED,runs/full/full_M11_default_synthetic_track_c_f2_s11_h20/receipt.json,
full_M11_default_synthetic_track_c_f2_s131_h20,M11,default,synthetic_track_c,2,131,20,full,,,funding_shortfall,full,COMPLETED,runs/full/full_M11_default_synthetic_track_c_f2_s131_h20/receipt.json,
full_M11_default_synthetic_track_c_f2_s23_h20,M11,default,synthetic_track_c,2,23,20,full,,,funding_shortfall,full,COMPLETED,runs/full/full_M11_default_synthetic_track_c_f2_s23_h20/receipt.json,
full_M11_default_synthetic_track_c_f2_s47_h20,M11,default,synthetic_track_c,2,47,20,full,,,funding_shortfall,full,COMPLETED,runs/full/full_M11_default_synthetic_track_c_f2_s47_h20/receipt.json,
full_M11_default_synthetic_track_c_f2_s89_h20,M11,default,synthetic_track_c,2,89,20,full,,,funding_shortfall,full,COMPLETED,runs/full/full_M11_default_synthetic_track_c_f2_s89_h20/receipt.json,
full_M11_default_synthetic_track_c_f3_s11_h20,M11,default,synthetic_track_c,3,11,20,full,,,funding_shortfall,full,COMPLETED,runs/full/full_M11_default_synthetic_track_c_f3_s11_h20/receipt.json,
full_M11_default_synthetic_track_c_f3_s131_h20,M11,default,synthetic_track_c,3,131,20,full,,,funding_shortfall,full,COMPLETED,runs/full/full_M11_default_synthetic_track_c_f3_s131_h20/receipt.json,
full_M11_default_synthetic_track_c_f3_s23_h20,M11,default,synthetic_track_c,3,23,20,full,,,funding_shortfall,full,COMPLETED,runs/full/full_M11_default_synthetic_track_c_f3_s23_h20/receipt.json,
full_M11_default_synthetic_track_c_f3_s47_h20,M11,default,synthetic_track_c,3,47,20,full,,,funding_shortfall,full,COMPLETED,runs/full/full_M11_default_synthetic_track_c_f3_s47_h20/receipt.json,
full_M11_default_synthetic_track_c_f3_s89_h20,M11,default,synthetic_track_c,3,89,20,full,,,funding_shortfall,full,COMPLETED,runs/full/full_M11_default_synthetic_track_c_f3_s89_h20/receipt.json,
full_M12_default_etf_track_a_f0_s11_h20,M12,default,etf_track_a,0,11,20,full,,,market_mse,full,COMPLETED,runs/full/full_M12_default_etf_track_a_f0_s11_h20/receipt.json,
full_M12_default_etf_track_a_f0_s131_h20,M12,default,etf_track_a,0,131,20,full,,,market_mse,full,COMPLETED,runs/full/full_M12_default_etf_track_a_f0_s131_h20/receipt.json,
full_M12_default_etf_track_a_f0_s23_h20,M12,default,etf_track_a,0,23,20,full,,,market_mse,full,COMPLETED,runs/full/full_M12_default_etf_track_a_f0_s23_h20/receipt.json,
full_M12_default_etf_track_a_f0_s47_h20,M12,default,etf_track_a,0,47,20,full,,,market_mse,full,COMPLETED,runs/full/full_M12_default_etf_track_a_f0_s47_h20/receipt.json,
full_M12_default_etf_track_a_f0_s89_h20,M12,default,etf_track_a,0,89,20,full,,,market_mse,full,COMPLETED,runs/full/full_M12_default_etf_track_a_f0_s89_h20/receipt.json,
full_M12_default_etf_track_a_f1_s11_h20,M12,default,etf_track_a,1,11,20,full,,,market_mse,full,COMPLETED,runs/full/full_M12_default_etf_track_a_f1_s11_h20/receipt.json,
full_M12_default_etf_track_a_f1_s131_h20,M12,default,etf_track_a,1,131,20,full,,,market_mse,full,COMPLETED,runs/full/full_M12_default_etf_track_a_f1_s131_h20/receipt.json,
full_M12_default_etf_track_a_f1_s23_h20,M12,default,etf_track_a,1,23,20,full,,,market_mse,full,COMPLETED,runs/full/full_M12_default_etf_track_a_f1_s23_h20/receipt.json,
full_M12_default_etf_track_a_f1_s47_h20,M12,default,etf_track_a,1,47,20,full,,,market_mse,full,COMPLETED,runs/full/full_M12_default_etf_track_a_f1_s47_h20/receipt.json,
full_M12_default_etf_track_a_f1_s89_h20,M12,default,etf_track_a,1,89,20,full,,,market_mse,full,COMPLETED,runs/full/full_M12_default_etf_track_a_f1_s89_h20/receipt.json,
full_M12_default_etf_track_a_f2_s11_h20,M12,default,etf_track_a,2,11,20,full,,,market_mse,full,COMPLETED,runs/full/full_M12_default_etf_track_a_f2_s11_h20/receipt.json,
full_M12_default_etf_track_a_f2_s131_h20,M12,default,etf_track_a,2,131,20,full,,,market_mse,full,COMPLETED,runs/full/full_M12_default_etf_track_a_f2_s131_h20/receipt.json,
full_M12_default_etf_track_a_f2_s23_h20,M12,default,etf_track_a,2,23,20,full,,,market_mse,full,COMPLETED,runs/full/full_M12_default_etf_track_a_f2_s23_h20/receipt.json,
full_M12_default_etf_track_a_f2_s47_h20,M12,default,etf_track_a,2,47,20,full,,,market_mse,full,COMPLETED,runs/full/full_M12_default_etf_track_a_f2_s47_h20/receipt.json,
full_M12_default_etf_track_a_f2_s89_h20,M12,default,etf_track_a,2,89,20,full,,,market_mse,full,COMPLETED,runs/full/full_M12_default_etf_track_a_f2_s89_h20/receipt.json,
full_M12_default_etf_track_a_f3_s11_h20,M12,default,etf_track_a,3,11,20,full,,,market_mse,full,COMPLETED,runs/full/full_M12_default_etf_track_a_f3_s11_h20/receipt.json,
full_M12_default_etf_track_a_f3_s131_h20,M12,default,etf_track_a,3,131,20,full,,,market_mse,full,COMPLETED,runs/full/full_M12_default_etf_track_a_f3_s131_h20/receipt.json,
full_M12_default_etf_track_a_f3_s23_h20,M12,default,etf_track_a,3,23,20,full,,,market_mse,full,COMPLETED,runs/full/full_M12_default_etf_track_a_f3_s23_h20/receipt.json,
full_M12_default_etf_track_a_f3_s47_h20,M12,default,etf_track_a,3,47,20,full,,,market_mse,full,COMPLETED,runs/full/full_M12_default_etf_track_a_f3_s47_h20/receipt.json,
full_M12_default_etf_track_a_f3_s89_h20,M12,default,etf_track_a,3,89,20,full,,,market_mse,full,COMPLETED,runs/full/full_M12_default_etf_track_a_f3_s89_h20/receipt.json,
full_M12_default_synthetic_track_c_f0_s11_h20,M12,default,synthetic_track_c,0,11,20,full,,,market_mse,full,COMPLETED,runs/full/full_M12_default_synthetic_track_c_f0_s11_h20/receipt.json,
full_M12_default_synthetic_track_c_f0_s131_h20,M12,default,synthetic_track_c,0,131,20,full,,,market_mse,full,COMPLETED,runs/full/full_M12_default_synthetic_track_c_f0_s131_h20/receipt.json,
full_M12_default_synthetic_track_c_f0_s23_h20,M12,default,synthetic_track_c,0,23,20,full,,,market_mse,full,COMPLETED,runs/full/full_M12_default_synthetic_track_c_f0_s23_h20/receipt.json,
full_M12_default_synthetic_track_c_f0_s47_h20,M12,default,synthetic_track_c,0,47,20,full,,,market_mse,full,COMPLETED,runs/full/full_M12_default_synthetic_track_c_f0_s47_h20/receipt.json,
full_M12_default_synthetic_track_c_f0_s89_h20,M12,default,synthetic_track_c,0,89,20,full,,,market_mse,full,COMPLETED,runs/full/full_M12_default_synthetic_track_c_f0_s89_h20/receipt.json,
full_M12_default_synthetic_track_c_f1_s11_h20,M12,default,synthetic_track_c,1,11,20,full,,,market_mse,full,COMPLETED,runs/full/full_M12_default_synthetic_track_c_f1_s11_h20/receipt.json,
full_M12_default_synthetic_track_c_f1_s131_h20,M12,default,synthetic_track_c,1,131,20,full,,,market_mse,full,COMPLETED,runs/full/full_M12_default_synthetic_track_c_f1_s131_h20/receipt.json,
full_M12_default_synthetic_track_c_f1_s23_h20,M12,default,synthetic_track_c,1,23,20,full,,,market_mse,full,COMPLETED,runs/full/full_M12_default_synthetic_track_c_f1_s23_h20/receipt.json,
full_M12_default_synthetic_track_c_f1_s47_h20,M12,default,synthetic_track_c,1,47,20,full,,,market_mse,full,COMPLETED,runs/full/full_M12_default_synthetic_track_c_f1_s47_h20/receipt.json,
full_M12_default_synthetic_track_c_f1_s89_h20,M12,default,synthetic_track_c,1,89,20,full,,,market_mse,full,COMPLETED,runs/full/full_M12_default_synthetic_track_c_f1_s89_h20/receipt.json,
full_M12_default_synthetic_track_c_f2_s11_h20,M12,default,synthetic_track_c,2,11,20,full,,,market_mse,full,COMPLETED,runs/full/full_M12_default_synthetic_track_c_f2_s11_h20/receipt.json,
full_M12_default_synthetic_track_c_f2_s131_h20,M12,default,synthetic_track_c,2,131,20,full,,,market_mse,full,COMPLETED,runs/full/full_M12_default_synthetic_track_c_f2_s131_h20/receipt.json,
full_M12_default_synthetic_track_c_f2_s23_h20,M12,default,synthetic_track_c,2,23,20,full,,,market_mse,full,COMPLETED,runs/full/full_M12_default_synthetic_track_c_f2_s23_h20/receipt.json,
full_M12_default_synthetic_track_c_f2_s47_h20,M12,default,synthetic_track_c,2,47,20,full,,,market_mse,full,COMPLETED,runs/full/full_M12_default_synthetic_track_c_f2_s47_h20/receipt.json,
full_M12_default_synthetic_track_c_f2_s89_h20,M12,default,synthetic_track_c,2,89,20,full,,,market_mse,full,COMPLETED,runs/full/full_M12_default_synthetic_track_c_f2_s89_h20/receipt.json,
full_M12_default_synthetic_track_c_f3_s11_h20,M12,default,synthetic_track_c,3,11,20,full,,,market_mse,full,COMPLETED,runs/full/full_M12_default_synthetic_track_c_f3_s11_h20/receipt.json,
full_M12_default_synthetic_track_c_f3_s131_h20,M12,default,synthetic_track_c,3,131,20,full,,,market_mse,full,COMPLETED,runs/full/full_M12_default_synthetic_track_c_f3_s131_h20/receipt.json,
full_M12_default_synthetic_track_c_f3_s23_h20,M12,default,synthetic_track_c,3,23,20,full,,,market_mse,full,COMPLETED,runs/full/full_M12_default_synthetic_track_c_f3_s23_h20/receipt.json,
full_M12_default_synthetic_track_c_f3_s47_h20,M12,default,synthetic_track_c,3,47,20,full,,,market_mse,full,COMPLETED,runs/full/full_M12_default_synthetic_track_c_f3_s47_h20/receipt.json,
full_M12_default_synthetic_track_c_f3_s89_h20,M12,default,synthetic_track_c,3,89,20,full,,,market_mse,full,COMPLETED,runs/full/full_M12_default_synthetic_track_c_f3_s89_h20/receipt.json,
overnight_B_EWMA_COV_default_etf_track_a_f0_s11_h20,B_EWMA_COV,default,etf_track_a,0,11,20,overnight,,,frobenius_cov_error,overnight,COMPLETED,runs/overnight/overnight_B_EWMA_COV_default_etf_track_a_f0_s11_h20/receipt.json,
overnight_B_EWMA_COV_default_etf_track_a_f0_s23_h20,B_EWMA_COV,default,etf_track_a,0,23,20,overnight,,,frobenius_cov_error,overnight,COMPLETED,runs/overnight/overnight_B_EWMA_COV_default_etf_track_a_f0_s23_h20/receipt.json,
overnight_B_EWMA_COV_default_etf_track_a_f0_s47_h20,B_EWMA_COV,default,etf_track_a,0,47,20,overnight,,,frobenius_cov_error,overnight,COMPLETED,runs/overnight/overnight_B_EWMA_COV_default_etf_track_a_f0_s47_h20/receipt.json,
overnight_B_EWMA_COV_default_etf_track_a_f0_s89_h20,B_EWMA_COV,default,etf_track_a,0,89,20,overnight,,,frobenius_cov_error,overnight,COMPLETED,runs/overnight/overnight_B_EWMA_COV_default_etf_track_a_f0_s89_h20/receipt.json,
overnight_B_EWMA_COV_default_etf_track_a_f1_s11_h20,B_EWMA_COV,default,etf_track_a,1,11,20,overnight,,,frobenius_cov_error,overnight,COMPLETED,runs/overnight/overnight_B_EWMA_COV_default_etf_track_a_f1_s11_h20/receipt.json,
overnight_B_EWMA_COV_default_etf_track_a_f1_s23_h20,B_EWMA_COV,default,etf_track_a,1,23,20,overnight,,,frobenius_cov_error,overnight,COMPLETED,runs/overnight/overnight_B_EWMA_COV_default_etf_track_a_f1_s23_h20/receipt.json,
overnight_B_EWMA_COV_default_etf_track_a_f1_s47_h20,B_EWMA_COV,default,etf_track_a,1,47,20,overnight,,,frobenius_cov_error,overnight,COMPLETED,runs/overnight/overnight_B_EWMA_COV_default_etf_track_a_f1_s47_h20/receipt.json,
overnight_B_EWMA_COV_default_etf_track_a_f1_s89_h20,B_EWMA_COV,default,etf_track_a,1,89,20,overnight,,,frobenius_cov_error,overnight,COMPLETED,runs/overnight/overnight_B_EWMA_COV_default_etf_track_a_f1_s89_h20/receipt.json,
overnight_B_EWMA_COV_default_etf_track_a_f2_s11_h20,B_EWMA_COV,default,etf_track_a,2,11,20,overnight,,,frobenius_cov_error,overnight,COMPLETED,runs/overnight/overnight_B_EWMA_COV_default_etf_track_a_f2_s11_h20/receipt.json,
overnight_B_EWMA_COV_default_etf_track_a_f2_s23_h20,B_EWMA_COV,default,etf_track_a,2,23,20,overnight,,,frobenius_cov_error,overnight,COMPLETED,runs/overnight/overnight_B_EWMA_COV_default_etf_track_a_f2_s23_h20/receipt.json,
overnight_B_EWMA_COV_default_etf_track_a_f2_s47_h20,B_EWMA_COV,default,etf_track_a,2,47,20,overnight,,,frobenius_cov_error,overnight,COMPLETED,runs/overnight/overnight_B_EWMA_COV_default_etf_track_a_f2_s47_h20/receipt.json,
overnight_B_EWMA_COV_default_etf_track_a_f2_s89_h20,B_EWMA_COV,default,etf_track_a,2,89,20,overnight,,,frobenius_cov_error,overnight,COMPLETED,runs/overnight/overnight_B_EWMA_COV_default_etf_track_a_f2_s89_h20/receipt.json,
overnight_B_EWMA_COV_default_synthetic_track_c_f0_s11_h20,B_EWMA_COV,default,synthetic_track_c,0,11,20,overnight,,,frobenius_cov_error,overnight,COMPLETED,runs/overnight/overnight_B_EWMA_COV_default_synthetic_track_c_f0_s11_h20/receipt.json,
overnight_B_EWMA_COV_default_synthetic_track_c_f0_s23_h20,B_EWMA_COV,default,synthetic_track_c,0,23,20,overnight,,,frobenius_cov_error,overnight,COMPLETED,runs/overnight/overnight_B_EWMA_COV_default_synthetic_track_c_f0_s23_h20/receipt.json,
overnight_B_EWMA_COV_default_synthetic_track_c_f0_s47_h20,B_EWMA_COV,default,synthetic_track_c,0,47,20,overnight,,,frobenius_cov_error,overnight,COMPLETED,runs/overnight/overnight_B_EWMA_COV_default_synthetic_track_c_f0_s47_h20/receipt.json,
overnight_B_EWMA_COV_default_synthetic_track_c_f0_s89_h20,B_EWMA_COV,default,synthetic_track_c,0,89,20,overnight,,,frobenius_cov_error,overnight,COMPLETED,runs/overnight/overnight_B_EWMA_COV_default_synthetic_track_c_f0_s89_h20/receipt.json,
overnight_B_EWMA_COV_default_synthetic_track_c_f1_s11_h20,B_EWMA_COV,default,synthetic_track_c,1,11,20,overnight,,,frobenius_cov_error,overnight,COMPLETED,runs/overnight/overnight_B_EWMA_COV_default_synthetic_track_c_f1_s11_h20/receipt.json,
overnight_B_EWMA_COV_default_synthetic_track_c_f1_s23_h20,B_EWMA_COV,default,synthetic_track_c,1,23,20,overnight,,,frobenius_cov_error,overnight,COMPLETED,runs/overnight/overnight_B_EWMA_COV_default_synthetic_track_c_f1_s23_h20/receipt.json,
overnight_B_EWMA_COV_default_synthetic_track_c_f1_s47_h20,B_EWMA_COV,default,synthetic_track_c,1,47,20,overnight,,,frobenius_cov_error,overnight,COMPLETED,runs/overnight/overnight_B_EWMA_COV_default_synthetic_track_c_f1_s47_h20/receipt.json,
overnight_B_EWMA_COV_default_synthetic_track_c_f1_s89_h20,B_EWMA_COV,default,synthetic_track_c,1,89,20,overnight,,,frobenius_cov_error,overnight,COMPLETED,runs/overnight/overnight_B_EWMA_COV_default_synthetic_track_c_f1_s89_h20/receipt.json,
overnight_B_EWMA_COV_default_synthetic_track_c_f2_s11_h20,B_EWMA_COV,default,synthetic_track_c,2,11,20,overnight,,,frobenius_cov_error,overnight,COMPLETED,runs/overnight/overnight_B_EWMA_COV_default_synthetic_track_c_f2_s11_h20/receipt.json,
overnight_B_EWMA_COV_default_synthetic_track_c_f2_s23_h20,B_EWMA_COV,default,synthetic_track_c,2,23,20,overnight,,,frobenius_cov_error,overnight,COMPLETED,runs/overnight/overnight_B_EWMA_COV_default_synthetic_track_c_f2_s23_h20/receipt.json,
overnight_B_EWMA_COV_default_synthetic_track_c_f2_s47_h20,B_EWMA_COV,default,synthetic_track_c,2,47,20,overnight,,,frobenius_cov_error,overnight,COMPLETED,runs/overnight/overnight_B_EWMA_COV_default_synthetic_track_c_f2_s47_h20/receipt.json,
overnight_B_EWMA_COV_default_synthetic_track_c_f2_s89_h20,B_EWMA_COV,default,synthetic_track_c,2,89,20,overnight,,,frobenius_cov_error,overnight,COMPLETED,runs/overnight/overnight_B_EWMA_COV_default_synthetic_track_c_f2_s89_h20/receipt.json,
overnight_B_PERSISTENCE_default_etf_track_a_f0_s11_h20,B_PERSISTENCE,default,etf_track_a,0,11,20,overnight,,,mse,overnight,COMPLETED,runs/overnight/overnight_B_PERSISTENCE_default_etf_track_a_f0_s11_h20/receipt.json,
overnight_B_PERSISTENCE_default_etf_track_a_f0_s23_h20,B_PERSISTENCE,default,etf_track_a,0,23,20,overnight,,,mse,overnight,COMPLETED,runs/overnight/overnight_B_PERSISTENCE_default_etf_track_a_f0_s23_h20/receipt.json,
overnight_B_PERSISTENCE_default_etf_track_a_f0_s47_h20,B_PERSISTENCE,default,etf_track_a,0,47,20,overnight,,,mse,overnight,COMPLETED,runs/overnight/overnight_B_PERSISTENCE_default_etf_track_a_f0_s47_h20/receipt.json,
overnight_B_PERSISTENCE_default_etf_track_a_f0_s89_h20,B_PERSISTENCE,default,etf_track_a,0,89,20,overnight,,,mse,overnight,COMPLETED,runs/overnight/overnight_B_PERSISTENCE_default_etf_track_a_f0_s89_h20/receipt.json,
overnight_B_PERSISTENCE_default_etf_track_a_f1_s11_h20,B_PERSISTENCE,default,etf_track_a,1,11,20,overnight,,,mse,overnight,COMPLETED,runs/overnight/overnight_B_PERSISTENCE_default_etf_track_a_f1_s11_h20/receipt.json,
overnight_B_PERSISTENCE_default_etf_track_a_f1_s23_h20,B_PERSISTENCE,default,etf_track_a,1,23,20,overnight,,,mse,overnight,COMPLETED,runs/overnight/overnight_B_PERSISTENCE_default_etf_track_a_f1_s23_h20/receipt.json,
overnight_B_PERSISTENCE_default_etf_track_a_f1_s47_h20,B_PERSISTENCE,default,etf_track_a,1,47,20,overnight,,,mse,overnight,COMPLETED,runs/overnight/overnight_B_PERSISTENCE_default_etf_track_a_f1_s47_h20/receipt.json,
overnight_B_PERSISTENCE_default_etf_track_a_f1_s89_h20,B_PERSISTENCE,default,etf_track_a,1,89,20,overnight,,,mse,overnight,COMPLETED,runs/overnight/overnight_B_PERSISTENCE_default_etf_track_a_f1_s89_h20/receipt.json,
overnight_B_PERSISTENCE_default_etf_track_a_f2_s11_h20,B_PERSISTENCE,default,etf_track_a,2,11,20,overnight,,,mse,overnight,COMPLETED,runs/overnight/overnight_B_PERSISTENCE_default_etf_track_a_f2_s11_h20/receipt.json,
overnight_B_PERSISTENCE_default_etf_track_a_f2_s23_h20,B_PERSISTENCE,default,etf_track_a,2,23,20,overnight,,,mse,overnight,COMPLETED,runs/overnight/overnight_B_PERSISTENCE_default_etf_track_a_f2_s23_h20/receipt.json,
overnight_B_PERSISTENCE_default_etf_track_a_f2_s47_h20,B_PERSISTENCE,default,etf_track_a,2,47,20,overnight,,,mse,overnight,COMPLETED,runs/overnight/overnight_B_PERSISTENCE_default_etf_track_a_f2_s47_h20/receipt.json,
overnight_B_PERSISTENCE_default_etf_track_a_f2_s89_h20,B_PERSISTENCE,default,etf_track_a,2,89,20,overnight,,,mse,overnight,COMPLETED,runs/overnight/overnight_B_PERSISTENCE_default_etf_track_a_f2_s89_h20/receipt.json,
overnight_B_PERSISTENCE_default_synthetic_track_c_f0_s11_h20,B_PERSISTENCE,default,synthetic_track_c,0,11,20,overnight,,,mse,overnight,COMPLETED,runs/overnight/overnight_B_PERSISTENCE_default_synthetic_track_c_f0_s11_h20/receipt.json,
overnight_B_PERSISTENCE_default_synthetic_track_c_f0_s23_h20,B_PERSISTENCE,default,synthetic_track_c,0,23,20,overnight,,,mse,overnight,COMPLETED,runs/overnight/overnight_B_PERSISTENCE_default_synthetic_track_c_f0_s23_h20/receipt.json,
overnight_B_PERSISTENCE_default_synthetic_track_c_f0_s47_h20,B_PERSISTENCE,default,synthetic_track_c,0,47,20,overnight,,,mse,overnight,COMPLETED,runs/overnight/overnight_B_PERSISTENCE_default_synthetic_track_c_f0_s47_h20/receipt.json,
overnight_B_PERSISTENCE_default_synthetic_track_c_f0_s89_h20,B_PERSISTENCE,default,synthetic_track_c,0,89,20,overnight,,,mse,overnight,COMPLETED,runs/overnight/overnight_B_PERSISTENCE_default_synthetic_track_c_f0_s89_h20/receipt.json,
overnight_B_PERSISTENCE_default_synthetic_track_c_f1_s11_h20,B_PERSISTENCE,default,synthetic_track_c,1,11,20,overnight,,,mse,overnight,COMPLETED,runs/overnight/overnight_B_PERSISTENCE_default_synthetic_track_c_f1_s11_h20/receipt.json,
overnight_B_PERSISTENCE_default_synthetic_track_c_f1_s23_h20,B_PERSISTENCE,default,synthetic_track_c,1,23,20,overnight,,,mse,overnight,COMPLETED,runs/overnight/overnight_B_PERSISTENCE_default_synthetic_track_c_f1_s23_h20/receipt.json,
overnight_B_PERSISTENCE_default_synthetic_track_c_f1_s47_h20,B_PERSISTENCE,default,synthetic_track_c,1,47,20,overnight,,,mse,overnight,COMPLETED,runs/overnight/overnight_B_PERSISTENCE_default_synthetic_track_c_f1_s47_h20/receipt.json,
overnight_B_PERSISTENCE_default_synthetic_track_c_f1_s89_h20,B_PERSISTENCE,default,synthetic_track_c,1,89,20,overnight,,,mse,overnight,COMPLETED,runs/overnight/overnight_B_PERSISTENCE_default_synthetic_track_c_f1_s89_h20/receipt.json,
overnight_B_PERSISTENCE_default_synthetic_track_c_f2_s11_h20,B_PERSISTENCE,default,synthetic_track_c,2,11,20,overnight,,,mse,overnight,COMPLETED,runs/overnight/overnight_B_PERSISTENCE_default_synthetic_track_c_f2_s11_h20/receipt.json,
overnight_B_PERSISTENCE_default_synthetic_track_c_f2_s23_h20,B_PERSISTENCE,default,synthetic_track_c,2,23,20,overnight,,,mse,overnight,COMPLETED,runs/overnight/overnight_B_PERSISTENCE_default_synthetic_track_c_f2_s23_h20/receipt.json,
overnight_B_PERSISTENCE_default_synthetic_track_c_f2_s47_h20,B_PERSISTENCE,default,synthetic_track_c,2,47,20,overnight,,,mse,overnight,COMPLETED,runs/overnight/overnight_B_PERSISTENCE_default_synthetic_track_c_f2_s47_h20/receipt.json,
overnight_B_PERSISTENCE_default_synthetic_track_c_f2_s89_h20,B_PERSISTENCE,default,synthetic_track_c,2,89,20,overnight,,,mse,overnight,COMPLETED,runs/overnight/overnight_B_PERSISTENCE_default_synthetic_track_c_f2_s89_h20/receipt.json,
overnight_B_RIDGE_default_etf_track_a_f0_s11_h20,B_RIDGE,default,etf_track_a,0,11,20,overnight,,,mse,overnight,COMPLETED,runs/overnight/overnight_B_RIDGE_default_etf_track_a_f0_s11_h20/receipt.json,
overnight_B_RIDGE_default_etf_track_a_f0_s23_h20,B_RIDGE,default,etf_track_a,0,23,20,overnight,,,mse,overnight,COMPLETED,runs/overnight/overnight_B_RIDGE_default_etf_track_a_f0_s23_h20/receipt.json,
overnight_B_RIDGE_default_etf_track_a_f0_s47_h20,B_RIDGE,default,etf_track_a,0,47,20,overnight,,,mse,overnight,COMPLETED,runs/overnight/overnight_B_RIDGE_default_etf_track_a_f0_s47_h20/receipt.json,
overnight_B_RIDGE_default_etf_track_a_f0_s89_h20,B_RIDGE,default,etf_track_a,0,89,20,overnight,,,mse,overnight,COMPLETED,runs/overnight/overnight_B_RIDGE_default_etf_track_a_f0_s89_h20/receipt.json,
overnight_B_RIDGE_default_etf_track_a_f1_s11_h20,B_RIDGE,default,etf_track_a,1,11,20,overnight,,,mse,overnight,COMPLETED,runs/overnight/overnight_B_RIDGE_default_etf_track_a_f1_s11_h20/receipt.json,
overnight_B_RIDGE_default_etf_track_a_f1_s23_h20,B_RIDGE,default,etf_track_a,1,23,20,overnight,,,mse,overnight,COMPLETED,runs/overnight/overnight_B_RIDGE_default_etf_track_a_f1_s23_h20/receipt.json,
overnight_B_RIDGE_default_etf_track_a_f1_s47_h20,B_RIDGE,default,etf_track_a,1,47,20,overnight,,,mse,overnight,COMPLETED,runs/overnight/overnight_B_RIDGE_default_etf_track_a_f1_s47_h20/receipt.json,
overnight_B_RIDGE_default_etf_track_a_f1_s89_h20,B_RIDGE,default,etf_track_a,1,89,20,overnight,,,mse,overnight,COMPLETED,runs/overnight/overnight_B_RIDGE_default_etf_track_a_f1_s89_h20/receipt.json,
overnight_B_RIDGE_default_etf_track_a_f2_s11_h20,B_RIDGE,default,etf_track_a,2,11,20,overnight,,,mse,overnight,COMPLETED,runs/overnight/overnight_B_RIDGE_default_etf_track_a_f2_s11_h20/receipt.json,
overnight_B_RIDGE_default_etf_track_a_f2_s23_h20,B_RIDGE,default,etf_track_a,2,23,20,overnight,,,mse,overnight,COMPLETED,runs/overnight/overnight_B_RIDGE_default_etf_track_a_f2_s23_h20/receipt.json,
overnight_B_RIDGE_default_etf_track_a_f2_s47_h20,B_RIDGE,default,etf_track_a,2,47,20,overnight,,,mse,overnight,COMPLETED,runs/overnight/overnight_B_RIDGE_default_etf_track_a_f2_s47_h20/receipt.json,
overnight_B_RIDGE_default_etf_track_a_f2_s89_h20,B_RIDGE,default,etf_track_a,2,89,20,overnight,,,mse,overnight,COMPLETED,runs/overnight/overnight_B_RIDGE_default_etf_track_a_f2_s89_h20/receipt.json,
overnight_B_RIDGE_default_synthetic_track_c_f0_s11_h20,B_RIDGE,default,synthetic_track_c,0,11,20,overnight,,,mse,overnight,COMPLETED,runs/overnight/overnight_B_RIDGE_default_synthetic_track_c_f0_s11_h20/receipt.json,
overnight_B_RIDGE_default_synthetic_track_c_f0_s23_h20,B_RIDGE,default,synthetic_track_c,0,23,20,overnight,,,mse,overnight,COMPLETED,runs/overnight/overnight_B_RIDGE_default_synthetic_track_c_f0_s23_h20/receipt.json,
overnight_B_RIDGE_default_synthetic_track_c_f0_s47_h20,B_RIDGE,default,synthetic_track_c,0,47,20,overnight,,,mse,overnight,COMPLETED,runs/overnight/overnight_B_RIDGE_default_synthetic_track_c_f0_s47_h20/receipt.json,
overnight_B_RIDGE_default_synthetic_track_c_f0_s89_h20,B_RIDGE,default,synthetic_track_c,0,89,20,overnight,,,mse,overnight,COMPLETED,runs/overnight/overnight_B_RIDGE_default_synthetic_track_c_f0_s89_h20/receipt.json,
overnight_B_RIDGE_default_synthetic_track_c_f1_s11_h20,B_RIDGE,default,synthetic_track_c,1,11,20,overnight,,,mse,overnight,COMPLETED,runs/overnight/overnight_B_RIDGE_default_synthetic_track_c_f1_s11_h20/receipt.json,
overnight_B_RIDGE_default_synthetic_track_c_f1_s23_h20,B_RIDGE,default,synthetic_track_c,1,23,20,overnight,,,mse,overnight,COMPLETED,runs/overnight/overnight_B_RIDGE_default_synthetic_track_c_f1_s23_h20/receipt.json,
overnight_B_RIDGE_default_synthetic_track_c_f1_s47_h20,B_RIDGE,default,synthetic_track_c,1,47,20,overnight,,,mse,overnight,COMPLETED,runs/overnight/overnight_B_RIDGE_default_synthetic_track_c_f1_s47_h20/receipt.json,
overnight_B_RIDGE_default_synthetic_track_c_f1_s89_h20,B_RIDGE,default,synthetic_track_c,1,89,20,overnight,,,mse,overnight,COMPLETED,runs/overnight/overnight_B_RIDGE_default_synthetic_track_c_f1_s89_h20/receipt.json,
overnight_B_RIDGE_default_synthetic_track_c_f2_s11_h20,B_RIDGE,default,synthetic_track_c,2,11,20,overnight,,,mse,overnight,COMPLETED,runs/overnight/overnight_B_RIDGE_default_synthetic_track_c_f2_s11_h20/receipt.json,
overnight_B_RIDGE_default_synthetic_track_c_f2_s23_h20,B_RIDGE,default,synthetic_track_c,2,23,20,overnight,,,mse,overnight,COMPLETED,runs/overnight/overnight_B_RIDGE_default_synthetic_track_c_f2_s23_h20/receipt.json,
overnight_B_RIDGE_default_synthetic_track_c_f2_s47_h20,B_RIDGE,default,synthetic_track_c,2,47,20,overnight,,,mse,overnight,COMPLETED,runs/overnight/overnight_B_RIDGE_default_synthetic_track_c_f2_s47_h20/receipt.json,
overnight_B_RIDGE_default_synthetic_track_c_f2_s89_h20,B_RIDGE,default,synthetic_track_c,2,89,20,overnight,,,mse,overnight,COMPLETED,runs/overnight/overnight_B_RIDGE_default_synthetic_track_c_f2_s89_h20/receipt.json,
overnight_M01_default_etf_track_a_f0_s11_h20,M01,default,etf_track_a,0,11,20,overnight,,,pinball_loss,overnight,COMPLETED,runs/overnight/overnight_M01_default_etf_track_a_f0_s11_h20/receipt.json,
overnight_M01_default_etf_track_a_f0_s23_h20,M01,default,etf_track_a,0,23,20,overnight,,,pinball_loss,overnight,COMPLETED,runs/overnight/overnight_M01_default_etf_track_a_f0_s23_h20/receipt.json,
overnight_M01_default_etf_track_a_f0_s47_h20,M01,default,etf_track_a,0,47,20,overnight,,,pinball_loss,overnight,COMPLETED,runs/overnight/overnight_M01_default_etf_track_a_f0_s47_h20/receipt.json,
overnight_M01_default_etf_track_a_f0_s89_h20,M01,default,etf_track_a,0,89,20,overnight,,,pinball_loss,overnight,COMPLETED,runs/overnight/overnight_M01_default_etf_track_a_f0_s89_h20/receipt.json,
overnight_M01_default_etf_track_a_f1_s11_h20,M01,default,etf_track_a,1,11,20,overnight,,,pinball_loss,overnight,COMPLETED,runs/overnight/overnight_M01_default_etf_track_a_f1_s11_h20/receipt.json,
overnight_M01_default_etf_track_a_f1_s23_h20,M01,default,etf_track_a,1,23,20,overnight,,,pinball_loss,overnight,COMPLETED,runs/overnight/overnight_M01_default_etf_track_a_f1_s23_h20/receipt.json,
overnight_M01_default_etf_track_a_f1_s47_h20,M01,default,etf_track_a,1,47,20,overnight,,,pinball_loss,overnight,COMPLETED,runs/overnight/overnight_M01_default_etf_track_a_f1_s47_h20/receipt.json,
overnight_M01_default_etf_track_a_f1_s89_h20,M01,default,etf_track_a,1,89,20,overnight,,,pinball_loss,overnight,COMPLETED,runs/overnight/overnight_M01_default_etf_track_a_f1_s89_h20/receipt.json,
overnight_M01_default_etf_track_a_f2_s11_h20,M01,default,etf_track_a,2,11,20,overnight,,,pinball_loss,overnight,COMPLETED,runs/overnight/overnight_M01_default_etf_track_a_f2_s11_h20/receipt.json,
overnight_M01_default_etf_track_a_f2_s23_h20,M01,default,etf_track_a,2,23,20,overnight,,,pinball_loss,overnight,COMPLETED,runs/overnight/overnight_M01_default_etf_track_a_f2_s23_h20/receipt.json,
overnight_M01_default_etf_track_a_f2_s47_h20,M01,default,etf_track_a,2,47,20,overnight,,,pinball_loss,overnight,COMPLETED,runs/overnight/overnight_M01_default_etf_track_a_f2_s47_h20/receipt.json,
overnight_M01_default_etf_track_a_f2_s89_h20,M01,default,etf_track_a,2,89,20,overnight,,,pinball_loss,overnight,COMPLETED,runs/overnight/overnight_M01_default_etf_track_a_f2_s89_h20/receipt.json,
overnight_M01_default_synthetic_track_c_f0_s11_h20,M01,default,synthetic_track_c,0,11,20,overnight,,,pinball_loss,overnight,COMPLETED,runs/overnight/overnight_M01_default_synthetic_track_c_f0_s11_h20/receipt.json,
overnight_M01_default_synthetic_track_c_f0_s23_h20,M01,default,synthetic_track_c,0,23,20,overnight,,,pinball_loss,overnight,COMPLETED,runs/overnight/overnight_M01_default_synthetic_track_c_f0_s23_h20/receipt.json,
overnight_M01_default_synthetic_track_c_f0_s47_h20,M01,default,synthetic_track_c,0,47,20,overnight,,,pinball_loss,overnight,COMPLETED,runs/overnight/overnight_M01_default_synthetic_track_c_f0_s47_h20/receipt.json,
overnight_M01_default_synthetic_track_c_f0_s89_h20,M01,default,synthetic_track_c,0,89,20,overnight,,,pinball_loss,overnight,COMPLETED,runs/overnight/overnight_M01_default_synthetic_track_c_f0_s89_h20/receipt.json,
overnight_M01_default_synthetic_track_c_f1_s11_h20,M01,default,synthetic_track_c,1,11,20,overnight,,,pinball_loss,overnight,COMPLETED,runs/overnight/overnight_M01_default_synthetic_track_c_f1_s11_h20/receipt.json,
overnight_M01_default_synthetic_track_c_f1_s23_h20,M01,default,synthetic_track_c,1,23,20,overnight,,,pinball_loss,overnight,COMPLETED,runs/overnight/overnight_M01_default_synthetic_track_c_f1_s23_h20/receipt.json,
overnight_M01_default_synthetic_track_c_f1_s47_h20,M01,default,synthetic_track_c,1,47,20,overnight,,,pinball_loss,overnight,COMPLETED,runs/overnight/overnight_M01_default_synthetic_track_c_f1_s47_h20/receipt.json,
overnight_M01_default_synthetic_track_c_f1_s89_h20,M01,default,synthetic_track_c,1,89,20,overnight,,,pinball_loss,overnight,COMPLETED,runs/overnight/overnight_M01_default_synthetic_track_c_f1_s89_h20/receipt.json,
overnight_M01_default_synthetic_track_c_f2_s11_h20,M01,default,synthetic_track_c,2,11,20,overnight,,,pinball_loss,overnight,COMPLETED,runs/overnight/overnight_M01_default_synthetic_track_c_f2_s11_h20/receipt.json,
overnight_M01_default_synthetic_track_c_f2_s23_h20,M01,default,synthetic_track_c,2,23,20,overnight,,,pinball_loss,overnight,COMPLETED,runs/overnight/overnight_M01_default_synthetic_track_c_f2_s23_h20/receipt.json,
overnight_M01_default_synthetic_track_c_f2_s47_h20,M01,default,synthetic_track_c,2,47,20,overnight,,,pinball_loss,overnight,COMPLETED,runs/overnight/overnight_M01_default_synthetic_track_c_f2_s47_h20/receipt.json,
overnight_M01_default_synthetic_track_c_f2_s89_h20,M01,default,synthetic_track_c,2,89,20,overnight,,,pinball_loss,overnight,COMPLETED,runs/overnight/overnight_M01_default_synthetic_track_c_f2_s89_h20/receipt.json,
overnight_M02_default_etf_track_a_f0_s11_h20,M02,default,etf_track_a,0,11,20,overnight,,,spearman_ic,overnight,COMPLETED,runs/overnight/overnight_M02_default_etf_track_a_f0_s11_h20/receipt.json,
overnight_M02_default_etf_track_a_f0_s23_h20,M02,default,etf_track_a,0,23,20,overnight,,,spearman_ic,overnight,COMPLETED,runs/overnight/overnight_M02_default_etf_track_a_f0_s23_h20/receipt.json,
overnight_M02_default_etf_track_a_f0_s47_h20,M02,default,etf_track_a,0,47,20,overnight,,,spearman_ic,overnight,COMPLETED,runs/overnight/overnight_M02_default_etf_track_a_f0_s47_h20/receipt.json,
overnight_M02_default_etf_track_a_f0_s89_h20,M02,default,etf_track_a,0,89,20,overnight,,,spearman_ic,overnight,COMPLETED,runs/overnight/overnight_M02_default_etf_track_a_f0_s89_h20/receipt.json,
overnight_M02_default_etf_track_a_f1_s11_h20,M02,default,etf_track_a,1,11,20,overnight,,,spearman_ic,overnight,COMPLETED,runs/overnight/overnight_M02_default_etf_track_a_f1_s11_h20/receipt.json,
overnight_M02_default_etf_track_a_f1_s23_h20,M02,default,etf_track_a,1,23,20,overnight,,,spearman_ic,overnight,COMPLETED,runs/overnight/overnight_M02_default_etf_track_a_f1_s23_h20/receipt.json,
overnight_M02_default_etf_track_a_f1_s47_h20,M02,default,etf_track_a,1,47,20,overnight,,,spearman_ic,overnight,COMPLETED,runs/overnight/overnight_M02_default_etf_track_a_f1_s47_h20/receipt.json,
overnight_M02_default_etf_track_a_f1_s89_h20,M02,default,etf_track_a,1,89,20,overnight,,,spearman_ic,overnight,COMPLETED,runs/overnight/overnight_M02_default_etf_track_a_f1_s89_h20/receipt.json,
overnight_M02_default_etf_track_a_f2_s11_h20,M02,default,etf_track_a,2,11,20,overnight,,,spearman_ic,overnight,COMPLETED,runs/overnight/overnight_M02_default_etf_track_a_f2_s11_h20/receipt.json,
overnight_M02_default_etf_track_a_f2_s23_h20,M02,default,etf_track_a,2,23,20,overnight,,,spearman_ic,overnight,COMPLETED,runs/overnight/overnight_M02_default_etf_track_a_f2_s23_h20/receipt.json,
overnight_M02_default_etf_track_a_f2_s47_h20,M02,default,etf_track_a,2,47,20,overnight,,,spearman_ic,overnight,COMPLETED,runs/overnight/overnight_M02_default_etf_track_a_f2_s47_h20/receipt.json,
overnight_M02_default_etf_track_a_f2_s89_h20,M02,default,etf_track_a,2,89,20,overnight,,,spearman_ic,overnight,COMPLETED,runs/overnight/overnight_M02_default_etf_track_a_f2_s89_h20/receipt.json,
overnight_M02_default_synthetic_track_c_f0_s11_h20,M02,default,synthetic_track_c,0,11,20,overnight,,,spearman_ic,overnight,COMPLETED,runs/overnight/overnight_M02_default_synthetic_track_c_f0_s11_h20/receipt.json,
overnight_M02_default_synthetic_track_c_f0_s23_h20,M02,default,synthetic_track_c,0,23,20,overnight,,,spearman_ic,overnight,COMPLETED,runs/overnight/overnight_M02_default_synthetic_track_c_f0_s23_h20/receipt.json,
overnight_M02_default_synthetic_track_c_f0_s47_h20,M02,default,synthetic_track_c,0,47,20,overnight,,,spearman_ic,overnight,COMPLETED,runs/overnight/overnight_M02_default_synthetic_track_c_f0_s47_h20/receipt.json,
overnight_M02_default_synthetic_track_c_f0_s89_h20,M02,default,synthetic_track_c,0,89,20,overnight,,,spearman_ic,overnight,COMPLETED,runs/overnight/overnight_M02_default_synthetic_track_c_f0_s89_h20/receipt.json,
overnight_M02_default_synthetic_track_c_f1_s11_h20,M02,default,synthetic_track_c,1,11,20,overnight,,,spearman_ic,overnight,COMPLETED,runs/overnight/overnight_M02_default_synthetic_track_c_f1_s11_h20/receipt.json,
overnight_M02_default_synthetic_track_c_f1_s23_h20,M02,default,synthetic_track_c,1,23,20,overnight,,,spearman_ic,overnight,COMPLETED,runs/overnight/overnight_M02_default_synthetic_track_c_f1_s23_h20/receipt.json,
overnight_M02_default_synthetic_track_c_f1_s47_h20,M02,default,synthetic_track_c,1,47,20,overnight,,,spearman_ic,overnight,COMPLETED,runs/overnight/overnight_M02_default_synthetic_track_c_f1_s47_h20/receipt.json,
overnight_M02_default_synthetic_track_c_f1_s89_h20,M02,default,synthetic_track_c,1,89,20,overnight,,,spearman_ic,overnight,COMPLETED,runs/overnight/overnight_M02_default_synthetic_track_c_f1_s89_h20/receipt.json,
overnight_M02_default_synthetic_track_c_f2_s11_h20,M02,default,synthetic_track_c,2,11,20,overnight,,,spearman_ic,overnight,COMPLETED,runs/overnight/overnight_M02_default_synthetic_track_c_f2_s11_h20/receipt.json,
overnight_M02_default_synthetic_track_c_f2_s23_h20,M02,default,synthetic_track_c,2,23,20,overnight,,,spearman_ic,overnight,COMPLETED,runs/overnight/overnight_M02_default_synthetic_track_c_f2_s23_h20/receipt.json,
overnight_M02_default_synthetic_track_c_f2_s47_h20,M02,default,synthetic_track_c,2,47,20,overnight,,,spearman_ic,overnight,COMPLETED,runs/overnight/overnight_M02_default_synthetic_track_c_f2_s47_h20/receipt.json,
overnight_M02_default_synthetic_track_c_f2_s89_h20,M02,default,synthetic_track_c,2,89,20,overnight,,,spearman_ic,overnight,COMPLETED,runs/overnight/overnight_M02_default_synthetic_track_c_f2_s89_h20/receipt.json,
overnight_M03_default_etf_track_a_f0_s11_h20,M03,default,etf_track_a,0,11,20,overnight,,,mse,overnight,COMPLETED,runs/overnight/overnight_M03_default_etf_track_a_f0_s11_h20/receipt.json,
overnight_M03_default_etf_track_a_f0_s23_h20,M03,default,etf_track_a,0,23,20,overnight,,,mse,overnight,COMPLETED,runs/overnight/overnight_M03_default_etf_track_a_f0_s23_h20/receipt.json,
overnight_M03_default_etf_track_a_f0_s47_h20,M03,default,etf_track_a,0,47,20,overnight,,,mse,overnight,COMPLETED,runs/overnight/overnight_M03_default_etf_track_a_f0_s47_h20/receipt.json,
overnight_M03_default_etf_track_a_f0_s89_h20,M03,default,etf_track_a,0,89,20,overnight,,,mse,overnight,COMPLETED,runs/overnight/overnight_M03_default_etf_track_a_f0_s89_h20/receipt.json,
overnight_M03_default_etf_track_a_f1_s11_h20,M03,default,etf_track_a,1,11,20,overnight,,,mse,overnight,COMPLETED,runs/overnight/overnight_M03_default_etf_track_a_f1_s11_h20/receipt.json,
overnight_M03_default_etf_track_a_f1_s23_h20,M03,default,etf_track_a,1,23,20,overnight,,,mse,overnight,COMPLETED,runs/overnight/overnight_M03_default_etf_track_a_f1_s23_h20/receipt.json,
overnight_M03_default_etf_track_a_f1_s47_h20,M03,default,etf_track_a,1,47,20,overnight,,,mse,overnight,COMPLETED,runs/overnight/overnight_M03_default_etf_track_a_f1_s47_h20/receipt.json,
overnight_M03_default_etf_track_a_f1_s89_h20,M03,default,etf_track_a,1,89,20,overnight,,,mse,overnight,COMPLETED,runs/overnight/overnight_M03_default_etf_track_a_f1_s89_h20/receipt.json,
overnight_M03_default_etf_track_a_f2_s11_h20,M03,default,etf_track_a,2,11,20,overnight,,,mse,overnight,COMPLETED,runs/overnight/overnight_M03_default_etf_track_a_f2_s11_h20/receipt.json,
overnight_M03_default_etf_track_a_f2_s23_h20,M03,default,etf_track_a,2,23,20,overnight,,,mse,overnight,COMPLETED,runs/overnight/overnight_M03_default_etf_track_a_f2_s23_h20/receipt.json,
overnight_M03_default_etf_track_a_f2_s47_h20,M03,default,etf_track_a,2,47,20,overnight,,,mse,overnight,COMPLETED,runs/overnight/overnight_M03_default_etf_track_a_f2_s47_h20/receipt.json,
overnight_M03_default_etf_track_a_f2_s89_h20,M03,default,etf_track_a,2,89,20,overnight,,,mse,overnight,COMPLETED,runs/overnight/overnight_M03_default_etf_track_a_f2_s89_h20/receipt.json,
overnight_M03_default_synthetic_track_c_f0_s11_h20,M03,default,synthetic_track_c,0,11,20,overnight,,,mse,overnight,COMPLETED,runs/overnight/overnight_M03_default_synthetic_track_c_f0_s11_h20/receipt.json,
overnight_M03_default_synthetic_track_c_f0_s23_h20,M03,default,synthetic_track_c,0,23,20,overnight,,,mse,overnight,COMPLETED,runs/overnight/overnight_M03_default_synthetic_track_c_f0_s23_h20/receipt.json,
overnight_M03_default_synthetic_track_c_f0_s47_h20,M03,default,synthetic_track_c,0,47,20,overnight,,,mse,overnight,COMPLETED,runs/overnight/overnight_M03_default_synthetic_track_c_f0_s47_h20/receipt.json,
overnight_M03_default_synthetic_track_c_f0_s89_h20,M03,default,synthetic_track_c,0,89,20,overnight,,,mse,overnight,COMPLETED,runs/overnight/overnight_M03_default_synthetic_track_c_f0_s89_h20/receipt.json,
overnight_M03_default_synthetic_track_c_f1_s11_h20,M03,default,synthetic_track_c,1,11,20,overnight,,,mse,overnight,COMPLETED,runs/overnight/overnight_M03_default_synthetic_track_c_f1_s11_h20/receipt.json,
overnight_M03_default_synthetic_track_c_f1_s23_h20,M03,default,synthetic_track_c,1,23,20,overnight,,,mse,overnight,COMPLETED,runs/overnight/overnight_M03_default_synthetic_track_c_f1_s23_h20/receipt.json,
overnight_M03_default_synthetic_track_c_f1_s47_h20,M03,default,synthetic_track_c,1,47,20,overnight,,,mse,overnight,COMPLETED,runs/overnight/overnight_M03_default_synthetic_track_c_f1_s47_h20/receipt.json,
overnight_M03_default_synthetic_track_c_f1_s89_h20,M03,default,synthetic_track_c,1,89,20,overnight,,,mse,overnight,COMPLETED,runs/overnight/overnight_M03_default_synthetic_track_c_f1_s89_h20/receipt.json,
overnight_M03_default_synthetic_track_c_f2_s11_h20,M03,default,synthetic_track_c,2,11,20,overnight,,,mse,overnight,COMPLETED,runs/overnight/overnight_M03_default_synthetic_track_c_f2_s11_h20/receipt.json,
overnight_M03_default_synthetic_track_c_f2_s23_h20,M03,default,synthetic_track_c,2,23,20,overnight,,,mse,overnight,COMPLETED,runs/overnight/overnight_M03_default_synthetic_track_c_f2_s23_h20/receipt.json,
overnight_M03_default_synthetic_track_c_f2_s47_h20,M03,default,synthetic_track_c,2,47,20,overnight,,,mse,overnight,COMPLETED,runs/overnight/overnight_M03_default_synthetic_track_c_f2_s47_h20/receipt.json,
overnight_M03_default_synthetic_track_c_f2_s89_h20,M03,default,synthetic_track_c,2,89,20,overnight,,,mse,overnight,COMPLETED,runs/overnight/overnight_M03_default_synthetic_track_c_f2_s89_h20/receipt.json,
overnight_M04_default_etf_track_a_f0_s11_h20,M04,default,etf_track_a,0,11,20,overnight,,,mse,overnight,COMPLETED,runs/overnight/overnight_M04_default_etf_track_a_f0_s11_h20/receipt.json,
overnight_M04_default_etf_track_a_f0_s23_h20,M04,default,etf_track_a,0,23,20,overnight,,,mse,overnight,COMPLETED,runs/overnight/overnight_M04_default_etf_track_a_f0_s23_h20/receipt.json,
overnight_M04_default_etf_track_a_f0_s47_h20,M04,default,etf_track_a,0,47,20,overnight,,,mse,overnight,COMPLETED,runs/overnight/overnight_M04_default_etf_track_a_f0_s47_h20/receipt.json,
overnight_M04_default_etf_track_a_f0_s89_h20,M04,default,etf_track_a,0,89,20,overnight,,,mse,overnight,COMPLETED,runs/overnight/overnight_M04_default_etf_track_a_f0_s89_h20/receipt.json,
overnight_M04_default_etf_track_a_f1_s11_h20,M04,default,etf_track_a,1,11,20,overnight,,,mse,overnight,COMPLETED,runs/overnight/overnight_M04_default_etf_track_a_f1_s11_h20/receipt.json,
overnight_M04_default_etf_track_a_f1_s23_h20,M04,default,etf_track_a,1,23,20,overnight,,,mse,overnight,COMPLETED,runs/overnight/overnight_M04_default_etf_track_a_f1_s23_h20/receipt.json,
overnight_M04_default_etf_track_a_f1_s47_h20,M04,default,etf_track_a,1,47,20,overnight,,,mse,overnight,COMPLETED,runs/overnight/overnight_M04_default_etf_track_a_f1_s47_h20/receipt.json,
overnight_M04_default_etf_track_a_f1_s89_h20,M04,default,etf_track_a,1,89,20,overnight,,,mse,overnight,COMPLETED,runs/overnight/overnight_M04_default_etf_track_a_f1_s89_h20/receipt.json,
overnight_M04_default_etf_track_a_f2_s11_h20,M04,default,etf_track_a,2,11,20,overnight,,,mse,overnight,COMPLETED,runs/overnight/overnight_M04_default_etf_track_a_f2_s11_h20/receipt.json,
overnight_M04_default_etf_track_a_f2_s23_h20,M04,default,etf_track_a,2,23,20,overnight,,,mse,overnight,COMPLETED,runs/overnight/overnight_M04_default_etf_track_a_f2_s23_h20/receipt.json,
overnight_M04_default_etf_track_a_f2_s47_h20,M04,default,etf_track_a,2,47,20,overnight,,,mse,overnight,COMPLETED,runs/overnight/overnight_M04_default_etf_track_a_f2_s47_h20/receipt.json,
overnight_M04_default_etf_track_a_f2_s89_h20,M04,default,etf_track_a,2,89,20,overnight,,,mse,overnight,COMPLETED,runs/overnight/overnight_M04_default_etf_track_a_f2_s89_h20/receipt.json,
overnight_M04_default_synthetic_track_c_f0_s11_h20,M04,default,synthetic_track_c,0,11,20,overnight,,,mse,overnight,COMPLETED,runs/overnight/overnight_M04_default_synthetic_track_c_f0_s11_h20/receipt.json,
overnight_M04_default_synthetic_track_c_f0_s23_h20,M04,default,synthetic_track_c,0,23,20,overnight,,,mse,overnight,COMPLETED,runs/overnight/overnight_M04_default_synthetic_track_c_f0_s23_h20/receipt.json,
overnight_M04_default_synthetic_track_c_f0_s47_h20,M04,default,synthetic_track_c,0,47,20,overnight,,,mse,overnight,COMPLETED,runs/overnight/overnight_M04_default_synthetic_track_c_f0_s47_h20/receipt.json,
overnight_M04_default_synthetic_track_c_f0_s89_h20,M04,default,synthetic_track_c,0,89,20,overnight,,,mse,overnight,COMPLETED,runs/overnight/overnight_M04_default_synthetic_track_c_f0_s89_h20/receipt.json,
overnight_M04_default_synthetic_track_c_f1_s11_h20,M04,default,synthetic_track_c,1,11,20,overnight,,,mse,overnight,COMPLETED,runs/overnight/overnight_M04_default_synthetic_track_c_f1_s11_h20/receipt.json,
overnight_M04_default_synthetic_track_c_f1_s23_h20,M04,default,synthetic_track_c,1,23,20,overnight,,,mse,overnight,COMPLETED,runs/overnight/overnight_M04_default_synthetic_track_c_f1_s23_h20/receipt.json,
overnight_M04_default_synthetic_track_c_f1_s47_h20,M04,default,synthetic_track_c,1,47,20,overnight,,,mse,overnight,COMPLETED,runs/overnight/overnight_M04_default_synthetic_track_c_f1_s47_h20/receipt.json,
overnight_M04_default_synthetic_track_c_f1_s89_h20,M04,default,synthetic_track_c,1,89,20,overnight,,,mse,overnight,COMPLETED,runs/overnight/overnight_M04_default_synthetic_track_c_f1_s89_h20/receipt.json,
overnight_M04_default_synthetic_track_c_f2_s11_h20,M04,default,synthetic_track_c,2,11,20,overnight,,,mse,overnight,COMPLETED,runs/overnight/overnight_M04_default_synthetic_track_c_f2_s11_h20/receipt.json,
overnight_M04_default_synthetic_track_c_f2_s23_h20,M04,default,synthetic_track_c,2,23,20,overnight,,,mse,overnight,COMPLETED,runs/overnight/overnight_M04_default_synthetic_track_c_f2_s23_h20/receipt.json,
overnight_M04_default_synthetic_track_c_f2_s47_h20,M04,default,synthetic_track_c,2,47,20,overnight,,,mse,overnight,COMPLETED,runs/overnight/overnight_M04_default_synthetic_track_c_f2_s47_h20/receipt.json,
overnight_M04_default_synthetic_track_c_f2_s89_h20,M04,default,synthetic_track_c,2,89,20,overnight,,,mse,overnight,COMPLETED,runs/overnight/overnight_M04_default_synthetic_track_c_f2_s89_h20/receipt.json,
overnight_M05_default_etf_track_a_f0_s11_h20,M05,default,etf_track_a,0,11,20,overnight,,,mse,overnight,COMPLETED,runs/overnight/overnight_M05_default_etf_track_a_f0_s11_h20/receipt.json,
overnight_M05_default_etf_track_a_f0_s23_h20,M05,default,etf_track_a,0,23,20,overnight,,,mse,overnight,COMPLETED,runs/overnight/overnight_M05_default_etf_track_a_f0_s23_h20/receipt.json,
overnight_M05_default_etf_track_a_f0_s47_h20,M05,default,etf_track_a,0,47,20,overnight,,,mse,overnight,COMPLETED,runs/overnight/overnight_M05_default_etf_track_a_f0_s47_h20/receipt.json,
overnight_M05_default_etf_track_a_f0_s89_h20,M05,default,etf_track_a,0,89,20,overnight,,,mse,overnight,COMPLETED,runs/overnight/overnight_M05_default_etf_track_a_f0_s89_h20/receipt.json,
overnight_M05_default_etf_track_a_f1_s11_h20,M05,default,etf_track_a,1,11,20,overnight,,,mse,overnight,COMPLETED,runs/overnight/overnight_M05_default_etf_track_a_f1_s11_h20/receipt.json,
overnight_M05_default_etf_track_a_f1_s23_h20,M05,default,etf_track_a,1,23,20,overnight,,,mse,overnight,COMPLETED,runs/overnight/overnight_M05_default_etf_track_a_f1_s23_h20/receipt.json,
overnight_M05_default_etf_track_a_f1_s47_h20,M05,default,etf_track_a,1,47,20,overnight,,,mse,overnight,COMPLETED,runs/overnight/overnight_M05_default_etf_track_a_f1_s47_h20/receipt.json,
overnight_M05_default_etf_track_a_f1_s89_h20,M05,default,etf_track_a,1,89,20,overnight,,,mse,overnight,COMPLETED,runs/overnight/overnight_M05_default_etf_track_a_f1_s89_h20/receipt.json,
overnight_M05_default_etf_track_a_f2_s11_h20,M05,default,etf_track_a,2,11,20,overnight,,,mse,overnight,COMPLETED,runs/overnight/overnight_M05_default_etf_track_a_f2_s11_h20/receipt.json,
overnight_M05_default_etf_track_a_f2_s23_h20,M05,default,etf_track_a,2,23,20,overnight,,,mse,overnight,COMPLETED,runs/overnight/overnight_M05_default_etf_track_a_f2_s23_h20/receipt.json,
overnight_M05_default_etf_track_a_f2_s47_h20,M05,default,etf_track_a,2,47,20,overnight,,,mse,overnight,COMPLETED,runs/overnight/overnight_M05_default_etf_track_a_f2_s47_h20/receipt.json,
overnight_M05_default_etf_track_a_f2_s89_h20,M05,default,etf_track_a,2,89,20,overnight,,,mse,overnight,COMPLETED,runs/overnight/overnight_M05_default_etf_track_a_f2_s89_h20/receipt.json,
overnight_M05_default_synthetic_track_c_f0_s11_h20,M05,default,synthetic_track_c,0,11,20,overnight,,,mse,overnight,COMPLETED,runs/overnight/overnight_M05_default_synthetic_track_c_f0_s11_h20/receipt.json,
overnight_M05_default_synthetic_track_c_f0_s23_h20,M05,default,synthetic_track_c,0,23,20,overnight,,,mse,overnight,COMPLETED,runs/overnight/overnight_M05_default_synthetic_track_c_f0_s23_h20/receipt.json,
overnight_M05_default_synthetic_track_c_f0_s47_h20,M05,default,synthetic_track_c,0,47,20,overnight,,,mse,overnight,COMPLETED,runs/overnight/overnight_M05_default_synthetic_track_c_f0_s47_h20/receipt.json,
overnight_M05_default_synthetic_track_c_f0_s89_h20,M05,default,synthetic_track_c,0,89,20,overnight,,,mse,overnight,COMPLETED,runs/overnight/overnight_M05_default_synthetic_track_c_f0_s89_h20/receipt.json,
overnight_M05_default_synthetic_track_c_f1_s11_h20,M05,default,synthetic_track_c,1,11,20,overnight,,,mse,overnight,COMPLETED,runs/overnight/overnight_M05_default_synthetic_track_c_f1_s11_h20/receipt.json,
overnight_M05_default_synthetic_track_c_f1_s23_h20,M05,default,synthetic_track_c,1,23,20,overnight,,,mse,overnight,COMPLETED,runs/overnight/overnight_M05_default_synthetic_track_c_f1_s23_h20/receipt.json,
overnight_M05_default_synthetic_track_c_f1_s47_h20,M05,default,synthetic_track_c,1,47,20,overnight,,,mse,overnight,COMPLETED,runs/overnight/overnight_M05_default_synthetic_track_c_f1_s47_h20/receipt.json,
overnight_M05_default_synthetic_track_c_f1_s89_h20,M05,default,synthetic_track_c,1,89,20,overnight,,,mse,overnight,COMPLETED,runs/overnight/overnight_M05_default_synthetic_track_c_f1_s89_h20/receipt.json,
overnight_M05_default_synthetic_track_c_f2_s11_h20,M05,default,synthetic_track_c,2,11,20,overnight,,,mse,overnight,COMPLETED,runs/overnight/overnight_M05_default_synthetic_track_c_f2_s11_h20/receipt.json,
overnight_M05_default_synthetic_track_c_f2_s23_h20,M05,default,synthetic_track_c,2,23,20,overnight,,,mse,overnight,COMPLETED,runs/overnight/overnight_M05_default_synthetic_track_c_f2_s23_h20/receipt.json,
overnight_M05_default_synthetic_track_c_f2_s47_h20,M05,default,synthetic_track_c,2,47,20,overnight,,,mse,overnight,COMPLETED,runs/overnight/overnight_M05_default_synthetic_track_c_f2_s47_h20/receipt.json,
overnight_M05_default_synthetic_track_c_f2_s89_h20,M05,default,synthetic_track_c,2,89,20,overnight,,,mse,overnight,COMPLETED,runs/overnight/overnight_M05_default_synthetic_track_c_f2_s89_h20/receipt.json,
overnight_M06_default_etf_track_a_f0_s11_h20,M06,default,etf_track_a,0,11,20,overnight,,,latent_mse,overnight,COMPLETED,runs/overnight/overnight_M06_default_etf_track_a_f0_s11_h20/receipt.json,
overnight_M06_default_etf_track_a_f0_s23_h20,M06,default,etf_track_a,0,23,20,overnight,,,latent_mse,overnight,COMPLETED,runs/overnight/overnight_M06_default_etf_track_a_f0_s23_h20/receipt.json,
overnight_M06_default_etf_track_a_f0_s47_h20,M06,default,etf_track_a,0,47,20,overnight,,,latent_mse,overnight,COMPLETED,runs/overnight/overnight_M06_default_etf_track_a_f0_s47_h20/receipt.json,
overnight_M06_default_etf_track_a_f0_s89_h20,M06,default,etf_track_a,0,89,20,overnight,,,latent_mse,overnight,COMPLETED,runs/overnight/overnight_M06_default_etf_track_a_f0_s89_h20/receipt.json,
overnight_M06_default_etf_track_a_f1_s11_h20,M06,default,etf_track_a,1,11,20,overnight,,,latent_mse,overnight,COMPLETED,runs/overnight/overnight_M06_default_etf_track_a_f1_s11_h20/receipt.json,
overnight_M06_default_etf_track_a_f1_s23_h20,M06,default,etf_track_a,1,23,20,overnight,,,latent_mse,overnight,COMPLETED,runs/overnight/overnight_M06_default_etf_track_a_f1_s23_h20/receipt.json,
overnight_M06_default_etf_track_a_f1_s47_h20,M06,default,etf_track_a,1,47,20,overnight,,,latent_mse,overnight,COMPLETED,runs/overnight/overnight_M06_default_etf_track_a_f1_s47_h20/receipt.json,
overnight_M06_default_etf_track_a_f1_s89_h20,M06,default,etf_track_a,1,89,20,overnight,,,latent_mse,overnight,COMPLETED,runs/overnight/overnight_M06_default_etf_track_a_f1_s89_h20/receipt.json,
overnight_M06_default_etf_track_a_f2_s11_h20,M06,default,etf_track_a,2,11,20,overnight,,,latent_mse,overnight,COMPLETED,runs/overnight/overnight_M06_default_etf_track_a_f2_s11_h20/receipt.json,
overnight_M06_default_etf_track_a_f2_s23_h20,M06,default,etf_track_a,2,23,20,overnight,,,latent_mse,overnight,COMPLETED,runs/overnight/overnight_M06_default_etf_track_a_f2_s23_h20/receipt.json,
overnight_M06_default_etf_track_a_f2_s47_h20,M06,default,etf_track_a,2,47,20,overnight,,,latent_mse,overnight,COMPLETED,runs/overnight/overnight_M06_default_etf_track_a_f2_s47_h20/receipt.json,
overnight_M06_default_etf_track_a_f2_s89_h20,M06,default,etf_track_a,2,89,20,overnight,,,latent_mse,overnight,COMPLETED,runs/overnight/overnight_M06_default_etf_track_a_f2_s89_h20/receipt.json,
overnight_M06_default_synthetic_track_c_f0_s11_h20,M06,default,synthetic_track_c,0,11,20,overnight,,,latent_mse,overnight,COMPLETED,runs/overnight/overnight_M06_default_synthetic_track_c_f0_s11_h20/receipt.json,
overnight_M06_default_synthetic_track_c_f0_s23_h20,M06,default,synthetic_track_c,0,23,20,overnight,,,latent_mse,overnight,COMPLETED,runs/overnight/overnight_M06_default_synthetic_track_c_f0_s23_h20/receipt.json,
overnight_M06_default_synthetic_track_c_f0_s47_h20,M06,default,synthetic_track_c,0,47,20,overnight,,,latent_mse,overnight,COMPLETED,runs/overnight/overnight_M06_default_synthetic_track_c_f0_s47_h20/receipt.json,
overnight_M06_default_synthetic_track_c_f0_s89_h20,M06,default,synthetic_track_c,0,89,20,overnight,,,latent_mse,overnight,COMPLETED,runs/overnight/overnight_M06_default_synthetic_track_c_f0_s89_h20/receipt.json,
overnight_M06_default_synthetic_track_c_f1_s11_h20,M06,default,synthetic_track_c,1,11,20,overnight,,,latent_mse,overnight,COMPLETED,runs/overnight/overnight_M06_default_synthetic_track_c_f1_s11_h20/receipt.json,
overnight_M06_default_synthetic_track_c_f1_s23_h20,M06,default,synthetic_track_c,1,23,20,overnight,,,latent_mse,overnight,COMPLETED,runs/overnight/overnight_M06_default_synthetic_track_c_f1_s23_h20/receipt.json,
overnight_M06_default_synthetic_track_c_f1_s47_h20,M06,default,synthetic_track_c,1,47,20,overnight,,,latent_mse,overnight,COMPLETED,runs/overnight/overnight_M06_default_synthetic_track_c_f1_s47_h20/receipt.json,
overnight_M06_default_synthetic_track_c_f1_s89_h20,M06,default,synthetic_track_c,1,89,20,overnight,,,latent_mse,overnight,COMPLETED,runs/overnight/overnight_M06_default_synthetic_track_c_f1_s89_h20/receipt.json,
overnight_M06_default_synthetic_track_c_f2_s11_h20,M06,default,synthetic_track_c,2,11,20,overnight,,,latent_mse,overnight,COMPLETED,runs/overnight/overnight_M06_default_synthetic_track_c_f2_s11_h20/receipt.json,
overnight_M06_default_synthetic_track_c_f2_s23_h20,M06,default,synthetic_track_c,2,23,20,overnight,,,latent_mse,overnight,COMPLETED,runs/overnight/overnight_M06_default_synthetic_track_c_f2_s23_h20/receipt.json,
overnight_M06_default_synthetic_track_c_f2_s47_h20,M06,default,synthetic_track_c,2,47,20,overnight,,,latent_mse,overnight,COMPLETED,runs/overnight/overnight_M06_default_synthetic_track_c_f2_s47_h20/receipt.json,
overnight_M06_default_synthetic_track_c_f2_s89_h20,M06,default,synthetic_track_c,2,89,20,overnight,,,latent_mse,overnight,COMPLETED,runs/overnight/overnight_M06_default_synthetic_track_c_f2_s89_h20/receipt.json,
overnight_M07_default_etf_track_a_f0_s11_h20,M07,default,etf_track_a,0,11,20,overnight,,,cov_forecast_mse,overnight,COMPLETED,runs/overnight/overnight_M07_default_etf_track_a_f0_s11_h20/receipt.json,
overnight_M07_default_etf_track_a_f0_s23_h20,M07,default,etf_track_a,0,23,20,overnight,,,cov_forecast_mse,overnight,COMPLETED,runs/overnight/overnight_M07_default_etf_track_a_f0_s23_h20/receipt.json,
overnight_M07_default_etf_track_a_f0_s47_h20,M07,default,etf_track_a,0,47,20,overnight,,,cov_forecast_mse,overnight,COMPLETED,runs/overnight/overnight_M07_default_etf_track_a_f0_s47_h20/receipt.json,
overnight_M07_default_etf_track_a_f0_s89_h20,M07,default,etf_track_a,0,89,20,overnight,,,cov_forecast_mse,overnight,COMPLETED,runs/overnight/overnight_M07_default_etf_track_a_f0_s89_h20/receipt.json,
overnight_M07_default_etf_track_a_f1_s11_h20,M07,default,etf_track_a,1,11,20,overnight,,,cov_forecast_mse,overnight,COMPLETED,runs/overnight/overnight_M07_default_etf_track_a_f1_s11_h20/receipt.json,
overnight_M07_default_etf_track_a_f1_s23_h20,M07,default,etf_track_a,1,23,20,overnight,,,cov_forecast_mse,overnight,COMPLETED,runs/overnight/overnight_M07_default_etf_track_a_f1_s23_h20/receipt.json,
overnight_M07_default_etf_track_a_f1_s47_h20,M07,default,etf_track_a,1,47,20,overnight,,,cov_forecast_mse,overnight,COMPLETED,runs/overnight/overnight_M07_default_etf_track_a_f1_s47_h20/receipt.json,
overnight_M07_default_etf_track_a_f1_s89_h20,M07,default,etf_track_a,1,89,20,overnight,,,cov_forecast_mse,overnight,COMPLETED,runs/overnight/overnight_M07_default_etf_track_a_f1_s89_h20/receipt.json,
overnight_M07_default_etf_track_a_f2_s11_h20,M07,default,etf_track_a,2,11,20,overnight,,,cov_forecast_mse,overnight,COMPLETED,runs/overnight/overnight_M07_default_etf_track_a_f2_s11_h20/receipt.json,
overnight_M07_default_etf_track_a_f2_s23_h20,M07,default,etf_track_a,2,23,20,overnight,,,cov_forecast_mse,overnight,COMPLETED,runs/overnight/overnight_M07_default_etf_track_a_f2_s23_h20/receipt.json,
overnight_M07_default_etf_track_a_f2_s47_h20,M07,default,etf_track_a,2,47,20,overnight,,,cov_forecast_mse,overnight,COMPLETED,runs/overnight/overnight_M07_default_etf_track_a_f2_s47_h20/receipt.json,
overnight_M07_default_etf_track_a_f2_s89_h20,M07,default,etf_track_a,2,89,20,overnight,,,cov_forecast_mse,overnight,COMPLETED,runs/overnight/overnight_M07_default_etf_track_a_f2_s89_h20/receipt.json,
overnight_M07_default_synthetic_track_c_f0_s11_h20,M07,default,synthetic_track_c,0,11,20,overnight,,,cov_forecast_mse,overnight,COMPLETED,runs/overnight/overnight_M07_default_synthetic_track_c_f0_s11_h20/receipt.json,
overnight_M07_default_synthetic_track_c_f0_s23_h20,M07,default,synthetic_track_c,0,23,20,overnight,,,cov_forecast_mse,overnight,COMPLETED,runs/overnight/overnight_M07_default_synthetic_track_c_f0_s23_h20/receipt.json,
overnight_M07_default_synthetic_track_c_f0_s47_h20,M07,default,synthetic_track_c,0,47,20,overnight,,,cov_forecast_mse,overnight,COMPLETED,runs/overnight/overnight_M07_default_synthetic_track_c_f0_s47_h20/receipt.json,
overnight_M07_default_synthetic_track_c_f0_s89_h20,M07,default,synthetic_track_c,0,89,20,overnight,,,cov_forecast_mse,overnight,COMPLETED,runs/overnight/overnight_M07_default_synthetic_track_c_f0_s89_h20/receipt.json,
overnight_M07_default_synthetic_track_c_f1_s11_h20,M07,default,synthetic_track_c,1,11,20,overnight,,,cov_forecast_mse,overnight,COMPLETED,runs/overnight/overnight_M07_default_synthetic_track_c_f1_s11_h20/receipt.json,
overnight_M07_default_synthetic_track_c_f1_s23_h20,M07,default,synthetic_track_c,1,23,20,overnight,,,cov_forecast_mse,overnight,COMPLETED,runs/overnight/overnight_M07_default_synthetic_track_c_f1_s23_h20/receipt.json,
overnight_M07_default_synthetic_track_c_f1_s47_h20,M07,default,synthetic_track_c,1,47,20,overnight,,,cov_forecast_mse,overnight,COMPLETED,runs/overnight/overnight_M07_default_synthetic_track_c_f1_s47_h20/receipt.json,
overnight_M07_default_synthetic_track_c_f1_s89_h20,M07,default,synthetic_track_c,1,89,20,overnight,,,cov_forecast_mse,overnight,COMPLETED,runs/overnight/overnight_M07_default_synthetic_track_c_f1_s89_h20/receipt.json,
overnight_M07_default_synthetic_track_c_f2_s11_h20,M07,default,synthetic_track_c,2,11,20,overnight,,,cov_forecast_mse,overnight,COMPLETED,runs/overnight/overnight_M07_default_synthetic_track_c_f2_s11_h20/receipt.json,
overnight_M07_default_synthetic_track_c_f2_s23_h20,M07,default,synthetic_track_c,2,23,20,overnight,,,cov_forecast_mse,overnight,COMPLETED,runs/overnight/overnight_M07_default_synthetic_track_c_f2_s23_h20/receipt.json,
overnight_M07_default_synthetic_track_c_f2_s47_h20,M07,default,synthetic_track_c,2,47,20,overnight,,,cov_forecast_mse,overnight,COMPLETED,runs/overnight/overnight_M07_default_synthetic_track_c_f2_s47_h20/receipt.json,
overnight_M07_default_synthetic_track_c_f2_s89_h20,M07,default,synthetic_track_c,2,89,20,overnight,,,cov_forecast_mse,overnight,COMPLETED,runs/overnight/overnight_M07_default_synthetic_track_c_f2_s89_h20/receipt.json,
overnight_M08_default_etf_track_a_f0_s11_h20,M08,default,etf_track_a,0,11,20,overnight,,,graph_latent_mse,overnight,COMPLETED,runs/overnight/overnight_M08_default_etf_track_a_f0_s11_h20/receipt.json,
overnight_M08_default_etf_track_a_f0_s23_h20,M08,default,etf_track_a,0,23,20,overnight,,,graph_latent_mse,overnight,COMPLETED,runs/overnight/overnight_M08_default_etf_track_a_f0_s23_h20/receipt.json,
overnight_M08_default_etf_track_a_f0_s47_h20,M08,default,etf_track_a,0,47,20,overnight,,,graph_latent_mse,overnight,COMPLETED,runs/overnight/overnight_M08_default_etf_track_a_f0_s47_h20/receipt.json,
overnight_M08_default_etf_track_a_f0_s89_h20,M08,default,etf_track_a,0,89,20,overnight,,,graph_latent_mse,overnight,COMPLETED,runs/overnight/overnight_M08_default_etf_track_a_f0_s89_h20/receipt.json,
overnight_M08_default_etf_track_a_f1_s11_h20,M08,default,etf_track_a,1,11,20,overnight,,,graph_latent_mse,overnight,COMPLETED,runs/overnight/overnight_M08_default_etf_track_a_f1_s11_h20/receipt.json,
overnight_M08_default_etf_track_a_f1_s23_h20,M08,default,etf_track_a,1,23,20,overnight,,,graph_latent_mse,overnight,COMPLETED,runs/overnight/overnight_M08_default_etf_track_a_f1_s23_h20/receipt.json,
overnight_M08_default_etf_track_a_f1_s47_h20,M08,default,etf_track_a,1,47,20,overnight,,,graph_latent_mse,overnight,COMPLETED,runs/overnight/overnight_M08_default_etf_track_a_f1_s47_h20/receipt.json,
overnight_M08_default_etf_track_a_f1_s89_h20,M08,default,etf_track_a,1,89,20,overnight,,,graph_latent_mse,overnight,COMPLETED,runs/overnight/overnight_M08_default_etf_track_a_f1_s89_h20/receipt.json,
overnight_M08_default_etf_track_a_f2_s11_h20,M08,default,etf_track_a,2,11,20,overnight,,,graph_latent_mse,overnight,COMPLETED,runs/overnight/overnight_M08_default_etf_track_a_f2_s11_h20/receipt.json,
overnight_M08_default_etf_track_a_f2_s23_h20,M08,default,etf_track_a,2,23,20,overnight,,,graph_latent_mse,overnight,COMPLETED,runs/overnight/overnight_M08_default_etf_track_a_f2_s23_h20/receipt.json,
overnight_M08_default_etf_track_a_f2_s47_h20,M08,default,etf_track_a,2,47,20,overnight,,,graph_latent_mse,overnight,COMPLETED,runs/overnight/overnight_M08_default_etf_track_a_f2_s47_h20/receipt.json,
overnight_M08_default_etf_track_a_f2_s89_h20,M08,default,etf_track_a,2,89,20,overnight,,,graph_latent_mse,overnight,COMPLETED,runs/overnight/overnight_M08_default_etf_track_a_f2_s89_h20/receipt.json,
overnight_M08_default_synthetic_track_c_f0_s11_h20,M08,default,synthetic_track_c,0,11,20,overnight,,,graph_latent_mse,overnight,COMPLETED,runs/overnight/overnight_M08_default_synthetic_track_c_f0_s11_h20/receipt.json,
overnight_M08_default_synthetic_track_c_f0_s23_h20,M08,default,synthetic_track_c,0,23,20,overnight,,,graph_latent_mse,overnight,COMPLETED,runs/overnight/overnight_M08_default_synthetic_track_c_f0_s23_h20/receipt.json,
overnight_M08_default_synthetic_track_c_f0_s47_h20,M08,default,synthetic_track_c,0,47,20,overnight,,,graph_latent_mse,overnight,COMPLETED,runs/overnight/overnight_M08_default_synthetic_track_c_f0_s47_h20/receipt.json,
overnight_M08_default_synthetic_track_c_f0_s89_h20,M08,default,synthetic_track_c,0,89,20,overnight,,,graph_latent_mse,overnight,COMPLETED,runs/overnight/overnight_M08_default_synthetic_track_c_f0_s89_h20/receipt.json,
overnight_M08_default_synthetic_track_c_f1_s11_h20,M08,default,synthetic_track_c,1,11,20,overnight,,,graph_latent_mse,overnight,COMPLETED,runs/overnight/overnight_M08_default_synthetic_track_c_f1_s11_h20/receipt.json,
overnight_M08_default_synthetic_track_c_f1_s23_h20,M08,default,synthetic_track_c,1,23,20,overnight,,,graph_latent_mse,overnight,COMPLETED,runs/overnight/overnight_M08_default_synthetic_track_c_f1_s23_h20/receipt.json,
overnight_M08_default_synthetic_track_c_f1_s47_h20,M08,default,synthetic_track_c,1,47,20,overnight,,,graph_latent_mse,overnight,COMPLETED,runs/overnight/overnight_M08_default_synthetic_track_c_f1_s47_h20/receipt.json,
overnight_M08_default_synthetic_track_c_f1_s89_h20,M08,default,synthetic_track_c,1,89,20,overnight,,,graph_latent_mse,overnight,COMPLETED,runs/overnight/overnight_M08_default_synthetic_track_c_f1_s89_h20/receipt.json,
overnight_M08_default_synthetic_track_c_f2_s11_h20,M08,default,synthetic_track_c,2,11,20,overnight,,,graph_latent_mse,overnight,COMPLETED,runs/overnight/overnight_M08_default_synthetic_track_c_f2_s11_h20/receipt.json,
overnight_M08_default_synthetic_track_c_f2_s23_h20,M08,default,synthetic_track_c,2,23,20,overnight,,,graph_latent_mse,overnight,COMPLETED,runs/overnight/overnight_M08_default_synthetic_track_c_f2_s23_h20/receipt.json,
overnight_M08_default_synthetic_track_c_f2_s47_h20,M08,default,synthetic_track_c,2,47,20,overnight,,,graph_latent_mse,overnight,COMPLETED,runs/overnight/overnight_M08_default_synthetic_track_c_f2_s47_h20/receipt.json,
overnight_M08_default_synthetic_track_c_f2_s89_h20,M08,default,synthetic_track_c,2,89,20,overnight,,,graph_latent_mse,overnight,COMPLETED,runs/overnight/overnight_M08_default_synthetic_track_c_f2_s89_h20/receipt.json,
overnight_M09_default_etf_track_a_f0_s11_h20,M09,default,etf_track_a,0,11,20,overnight,,,mse,overnight,COMPLETED,runs/overnight/overnight_M09_default_etf_track_a_f0_s11_h20/receipt.json,
overnight_M09_default_etf_track_a_f0_s23_h20,M09,default,etf_track_a,0,23,20,overnight,,,mse,overnight,COMPLETED,runs/overnight/overnight_M09_default_etf_track_a_f0_s23_h20/receipt.json,
overnight_M09_default_etf_track_a_f0_s47_h20,M09,default,etf_track_a,0,47,20,overnight,,,mse,overnight,COMPLETED,runs/overnight/overnight_M09_default_etf_track_a_f0_s47_h20/receipt.json,
overnight_M09_default_etf_track_a_f0_s89_h20,M09,default,etf_track_a,0,89,20,overnight,,,mse,overnight,COMPLETED,runs/overnight/overnight_M09_default_etf_track_a_f0_s89_h20/receipt.json,
overnight_M09_default_etf_track_a_f1_s11_h20,M09,default,etf_track_a,1,11,20,overnight,,,mse,overnight,COMPLETED,runs/overnight/overnight_M09_default_etf_track_a_f1_s11_h20/receipt.json,
overnight_M09_default_etf_track_a_f1_s23_h20,M09,default,etf_track_a,1,23,20,overnight,,,mse,overnight,COMPLETED,runs/overnight/overnight_M09_default_etf_track_a_f1_s23_h20/receipt.json,
overnight_M09_default_etf_track_a_f1_s47_h20,M09,default,etf_track_a,1,47,20,overnight,,,mse,overnight,COMPLETED,runs/overnight/overnight_M09_default_etf_track_a_f1_s47_h20/receipt.json,
overnight_M09_default_etf_track_a_f1_s89_h20,M09,default,etf_track_a,1,89,20,overnight,,,mse,overnight,COMPLETED,runs/overnight/overnight_M09_default_etf_track_a_f1_s89_h20/receipt.json,
overnight_M09_default_etf_track_a_f2_s11_h20,M09,default,etf_track_a,2,11,20,overnight,,,mse,overnight,COMPLETED,runs/overnight/overnight_M09_default_etf_track_a_f2_s11_h20/receipt.json,
overnight_M09_default_etf_track_a_f2_s23_h20,M09,default,etf_track_a,2,23,20,overnight,,,mse,overnight,COMPLETED,runs/overnight/overnight_M09_default_etf_track_a_f2_s23_h20/receipt.json,
overnight_M09_default_etf_track_a_f2_s47_h20,M09,default,etf_track_a,2,47,20,overnight,,,mse,overnight,COMPLETED,runs/overnight/overnight_M09_default_etf_track_a_f2_s47_h20/receipt.json,
overnight_M09_default_etf_track_a_f2_s89_h20,M09,default,etf_track_a,2,89,20,overnight,,,mse,overnight,COMPLETED,runs/overnight/overnight_M09_default_etf_track_a_f2_s89_h20/receipt.json,
overnight_M09_default_synthetic_track_c_f0_s11_h20,M09,default,synthetic_track_c,0,11,20,overnight,,,mse,overnight,COMPLETED,runs/overnight/overnight_M09_default_synthetic_track_c_f0_s11_h20/receipt.json,
overnight_M09_default_synthetic_track_c_f0_s23_h20,M09,default,synthetic_track_c,0,23,20,overnight,,,mse,overnight,COMPLETED,runs/overnight/overnight_M09_default_synthetic_track_c_f0_s23_h20/receipt.json,
overnight_M09_default_synthetic_track_c_f0_s47_h20,M09,default,synthetic_track_c,0,47,20,overnight,,,mse,overnight,COMPLETED,runs/overnight/overnight_M09_default_synthetic_track_c_f0_s47_h20/receipt.json,
overnight_M09_default_synthetic_track_c_f0_s89_h20,M09,default,synthetic_track_c,0,89,20,overnight,,,mse,overnight,COMPLETED,runs/overnight/overnight_M09_default_synthetic_track_c_f0_s89_h20/receipt.json,
overnight_M09_default_synthetic_track_c_f1_s11_h20,M09,default,synthetic_track_c,1,11,20,overnight,,,mse,overnight,COMPLETED,runs/overnight/overnight_M09_default_synthetic_track_c_f1_s11_h20/receipt.json,
overnight_M09_default_synthetic_track_c_f1_s23_h20,M09,default,synthetic_track_c,1,23,20,overnight,,,mse,overnight,COMPLETED,runs/overnight/overnight_M09_default_synthetic_track_c_f1_s23_h20/receipt.json,
overnight_M09_default_synthetic_track_c_f1_s47_h20,M09,default,synthetic_track_c,1,47,20,overnight,,,mse,overnight,COMPLETED,runs/overnight/overnight_M09_default_synthetic_track_c_f1_s47_h20/receipt.json,
overnight_M09_default_synthetic_track_c_f1_s89_h20,M09,default,synthetic_track_c,1,89,20,overnight,,,mse,overnight,COMPLETED,runs/overnight/overnight_M09_default_synthetic_track_c_f1_s89_h20/receipt.json,
overnight_M09_default_synthetic_track_c_f2_s11_h20,M09,default,synthetic_track_c,2,11,20,overnight,,,mse,overnight,COMPLETED,runs/overnight/overnight_M09_default_synthetic_track_c_f2_s11_h20/receipt.json,
overnight_M09_default_synthetic_track_c_f2_s23_h20,M09,default,synthetic_track_c,2,23,20,overnight,,,mse,overnight,COMPLETED,runs/overnight/overnight_M09_default_synthetic_track_c_f2_s23_h20/receipt.json,
overnight_M09_default_synthetic_track_c_f2_s47_h20,M09,default,synthetic_track_c,2,47,20,overnight,,,mse,overnight,COMPLETED,runs/overnight/overnight_M09_default_synthetic_track_c_f2_s47_h20/receipt.json,
overnight_M09_default_synthetic_track_c_f2_s89_h20,M09,default,synthetic_track_c,2,89,20,overnight,,,mse,overnight,COMPLETED,runs/overnight/overnight_M09_default_synthetic_track_c_f2_s89_h20/receipt.json,
overnight_M10_default_etf_track_a_f0_s11_h20,M10,default,etf_track_a,0,11,20,overnight,,,energy_score_proxy_mse,overnight,COMPLETED,runs/overnight/overnight_M10_default_etf_track_a_f0_s11_h20/receipt.json,
overnight_M10_default_etf_track_a_f0_s23_h20,M10,default,etf_track_a,0,23,20,overnight,,,energy_score_proxy_mse,overnight,COMPLETED,runs/overnight/overnight_M10_default_etf_track_a_f0_s23_h20/receipt.json,
overnight_M10_default_etf_track_a_f0_s47_h20,M10,default,etf_track_a,0,47,20,overnight,,,energy_score_proxy_mse,overnight,COMPLETED,runs/overnight/overnight_M10_default_etf_track_a_f0_s47_h20/receipt.json,
overnight_M10_default_etf_track_a_f0_s89_h20,M10,default,etf_track_a,0,89,20,overnight,,,energy_score_proxy_mse,overnight,COMPLETED,runs/overnight/overnight_M10_default_etf_track_a_f0_s89_h20/receipt.json,
overnight_M10_default_etf_track_a_f1_s11_h20,M10,default,etf_track_a,1,11,20,overnight,,,energy_score_proxy_mse,overnight,COMPLETED,runs/overnight/overnight_M10_default_etf_track_a_f1_s11_h20/receipt.json,
overnight_M10_default_etf_track_a_f1_s23_h20,M10,default,etf_track_a,1,23,20,overnight,,,energy_score_proxy_mse,overnight,COMPLETED,runs/overnight/overnight_M10_default_etf_track_a_f1_s23_h20/receipt.json,
overnight_M10_default_etf_track_a_f1_s47_h20,M10,default,etf_track_a,1,47,20,overnight,,,energy_score_proxy_mse,overnight,COMPLETED,runs/overnight/overnight_M10_default_etf_track_a_f1_s47_h20/receipt.json,
overnight_M10_default_etf_track_a_f1_s89_h20,M10,default,etf_track_a,1,89,20,overnight,,,energy_score_proxy_mse,overnight,COMPLETED,runs/overnight/overnight_M10_default_etf_track_a_f1_s89_h20/receipt.json,
overnight_M10_default_etf_track_a_f2_s11_h20,M10,default,etf_track_a,2,11,20,overnight,,,energy_score_proxy_mse,overnight,COMPLETED,runs/overnight/overnight_M10_default_etf_track_a_f2_s11_h20/receipt.json,
overnight_M10_default_etf_track_a_f2_s23_h20,M10,default,etf_track_a,2,23,20,overnight,,,energy_score_proxy_mse,overnight,COMPLETED,runs/overnight/overnight_M10_default_etf_track_a_f2_s23_h20/receipt.json,
overnight_M10_default_etf_track_a_f2_s47_h20,M10,default,etf_track_a,2,47,20,overnight,,,energy_score_proxy_mse,overnight,COMPLETED,runs/overnight/overnight_M10_default_etf_track_a_f2_s47_h20/receipt.json,
overnight_M10_default_etf_track_a_f2_s89_h20,M10,default,etf_track_a,2,89,20,overnight,,,energy_score_proxy_mse,overnight,COMPLETED,runs/overnight/overnight_M10_default_etf_track_a_f2_s89_h20/receipt.json,
overnight_M10_default_synthetic_track_c_f0_s11_h20,M10,default,synthetic_track_c,0,11,20,overnight,,,energy_score_proxy_mse,overnight,COMPLETED,runs/overnight/overnight_M10_default_synthetic_track_c_f0_s11_h20/receipt.json,
overnight_M10_default_synthetic_track_c_f0_s23_h20,M10,default,synthetic_track_c,0,23,20,overnight,,,energy_score_proxy_mse,overnight,COMPLETED,runs/overnight/overnight_M10_default_synthetic_track_c_f0_s23_h20/receipt.json,
overnight_M10_default_synthetic_track_c_f0_s47_h20,M10,default,synthetic_track_c,0,47,20,overnight,,,energy_score_proxy_mse,overnight,COMPLETED,runs/overnight/overnight_M10_default_synthetic_track_c_f0_s47_h20/receipt.json,
overnight_M10_default_synthetic_track_c_f0_s89_h20,M10,default,synthetic_track_c,0,89,20,overnight,,,energy_score_proxy_mse,overnight,COMPLETED,runs/overnight/overnight_M10_default_synthetic_track_c_f0_s89_h20/receipt.json,
overnight_M10_default_synthetic_track_c_f1_s11_h20,M10,default,synthetic_track_c,1,11,20,overnight,,,energy_score_proxy_mse,overnight,COMPLETED,runs/overnight/overnight_M10_default_synthetic_track_c_f1_s11_h20/receipt.json,
overnight_M10_default_synthetic_track_c_f1_s23_h20,M10,default,synthetic_track_c,1,23,20,overnight,,,energy_score_proxy_mse,overnight,COMPLETED,runs/overnight/overnight_M10_default_synthetic_track_c_f1_s23_h20/receipt.json,
overnight_M10_default_synthetic_track_c_f1_s47_h20,M10,default,synthetic_track_c,1,47,20,overnight,,,energy_score_proxy_mse,overnight,COMPLETED,runs/overnight/overnight_M10_default_synthetic_track_c_f1_s47_h20/receipt.json,
overnight_M10_default_synthetic_track_c_f1_s89_h20,M10,default,synthetic_track_c,1,89,20,overnight,,,energy_score_proxy_mse,overnight,COMPLETED,runs/overnight/overnight_M10_default_synthetic_track_c_f1_s89_h20/receipt.json,
overnight_M10_default_synthetic_track_c_f2_s11_h20,M10,default,synthetic_track_c,2,11,20,overnight,,,energy_score_proxy_mse,overnight,COMPLETED,runs/overnight/overnight_M10_default_synthetic_track_c_f2_s11_h20/receipt.json,
overnight_M10_default_synthetic_track_c_f2_s23_h20,M10,default,synthetic_track_c,2,23,20,overnight,,,energy_score_proxy_mse,overnight,COMPLETED,runs/overnight/overnight_M10_default_synthetic_track_c_f2_s23_h20/receipt.json,
overnight_M10_default_synthetic_track_c_f2_s47_h20,M10,default,synthetic_track_c,2,47,20,overnight,,,energy_score_proxy_mse,overnight,COMPLETED,runs/overnight/overnight_M10_default_synthetic_track_c_f2_s47_h20/receipt.json,
overnight_M10_default_synthetic_track_c_f2_s89_h20,M10,default,synthetic_track_c,2,89,20,overnight,,,energy_score_proxy_mse,overnight,COMPLETED,runs/overnight/overnight_M10_default_synthetic_track_c_f2_s89_h20/receipt.json,
overnight_M11_default_etf_track_a_f0_s11_h20,M11,default,etf_track_a,0,11,20,overnight,,,funding_shortfall,overnight,COMPLETED,runs/overnight/overnight_M11_default_etf_track_a_f0_s11_h20/receipt.json,
overnight_M11_default_etf_track_a_f0_s23_h20,M11,default,etf_track_a,0,23,20,overnight,,,funding_shortfall,overnight,COMPLETED,runs/overnight/overnight_M11_default_etf_track_a_f0_s23_h20/receipt.json,
overnight_M11_default_etf_track_a_f0_s47_h20,M11,default,etf_track_a,0,47,20,overnight,,,funding_shortfall,overnight,COMPLETED,runs/overnight/overnight_M11_default_etf_track_a_f0_s47_h20/receipt.json,
overnight_M11_default_etf_track_a_f0_s89_h20,M11,default,etf_track_a,0,89,20,overnight,,,funding_shortfall,overnight,COMPLETED,runs/overnight/overnight_M11_default_etf_track_a_f0_s89_h20/receipt.json,
overnight_M11_default_etf_track_a_f1_s11_h20,M11,default,etf_track_a,1,11,20,overnight,,,funding_shortfall,overnight,COMPLETED,runs/overnight/overnight_M11_default_etf_track_a_f1_s11_h20/receipt.json,
overnight_M11_default_etf_track_a_f1_s23_h20,M11,default,etf_track_a,1,23,20,overnight,,,funding_shortfall,overnight,COMPLETED,runs/overnight/overnight_M11_default_etf_track_a_f1_s23_h20/receipt.json,
overnight_M11_default_etf_track_a_f1_s47_h20,M11,default,etf_track_a,1,47,20,overnight,,,funding_shortfall,overnight,COMPLETED,runs/overnight/overnight_M11_default_etf_track_a_f1_s47_h20/receipt.json,
overnight_M11_default_etf_track_a_f1_s89_h20,M11,default,etf_track_a,1,89,20,overnight,,,funding_shortfall,overnight,COMPLETED,runs/overnight/overnight_M11_default_etf_track_a_f1_s89_h20/receipt.json,
overnight_M11_default_etf_track_a_f2_s11_h20,M11,default,etf_track_a,2,11,20,overnight,,,funding_shortfall,overnight,COMPLETED,runs/overnight/overnight_M11_default_etf_track_a_f2_s11_h20/receipt.json,
overnight_M11_default_etf_track_a_f2_s23_h20,M11,default,etf_track_a,2,23,20,overnight,,,funding_shortfall,overnight,COMPLETED,runs/overnight/overnight_M11_default_etf_track_a_f2_s23_h20/receipt.json,
overnight_M11_default_etf_track_a_f2_s47_h20,M11,default,etf_track_a,2,47,20,overnight,,,funding_shortfall,overnight,COMPLETED,runs/overnight/overnight_M11_default_etf_track_a_f2_s47_h20/receipt.json,
overnight_M11_default_etf_track_a_f2_s89_h20,M11,default,etf_track_a,2,89,20,overnight,,,funding_shortfall,overnight,COMPLETED,runs/overnight/overnight_M11_default_etf_track_a_f2_s89_h20/receipt.json,
overnight_M11_default_synthetic_track_c_f0_s11_h20,M11,default,synthetic_track_c,0,11,20,overnight,,,funding_shortfall,overnight,COMPLETED,runs/overnight/overnight_M11_default_synthetic_track_c_f0_s11_h20/receipt.json,
overnight_M11_default_synthetic_track_c_f0_s23_h20,M11,default,synthetic_track_c,0,23,20,overnight,,,funding_shortfall,overnight,COMPLETED,runs/overnight/overnight_M11_default_synthetic_track_c_f0_s23_h20/receipt.json,
overnight_M11_default_synthetic_track_c_f0_s47_h20,M11,default,synthetic_track_c,0,47,20,overnight,,,funding_shortfall,overnight,COMPLETED,runs/overnight/overnight_M11_default_synthetic_track_c_f0_s47_h20/receipt.json,
overnight_M11_default_synthetic_track_c_f0_s89_h20,M11,default,synthetic_track_c,0,89,20,overnight,,,funding_shortfall,overnight,COMPLETED,runs/overnight/overnight_M11_default_synthetic_track_c_f0_s89_h20/receipt.json,
overnight_M11_default_synthetic_track_c_f1_s11_h20,M11,default,synthetic_track_c,1,11,20,overnight,,,funding_shortfall,overnight,COMPLETED,runs/overnight/overnight_M11_default_synthetic_track_c_f1_s11_h20/receipt.json,
overnight_M11_default_synthetic_track_c_f1_s23_h20,M11,default,synthetic_track_c,1,23,20,overnight,,,funding_shortfall,overnight,COMPLETED,runs/overnight/overnight_M11_default_synthetic_track_c_f1_s23_h20/receipt.json,
overnight_M11_default_synthetic_track_c_f1_s47_h20,M11,default,synthetic_track_c,1,47,20,overnight,,,funding_shortfall,overnight,COMPLETED,runs/overnight/overnight_M11_default_synthetic_track_c_f1_s47_h20/receipt.json,
overnight_M11_default_synthetic_track_c_f1_s89_h20,M11,default,synthetic_track_c,1,89,20,overnight,,,funding_shortfall,overnight,COMPLETED,runs/overnight/overnight_M11_default_synthetic_track_c_f1_s89_h20/receipt.json,
overnight_M11_default_synthetic_track_c_f2_s11_h20,M11,default,synthetic_track_c,2,11,20,overnight,,,funding_shortfall,overnight,COMPLETED,runs/overnight/overnight_M11_default_synthetic_track_c_f2_s11_h20/receipt.json,
overnight_M11_default_synthetic_track_c_f2_s23_h20,M11,default,synthetic_track_c,2,23,20,overnight,,,funding_shortfall,overnight,COMPLETED,runs/overnight/overnight_M11_default_synthetic_track_c_f2_s23_h20/receipt.json,
overnight_M11_default_synthetic_track_c_f2_s47_h20,M11,default,synthetic_track_c,2,47,20,overnight,,,funding_shortfall,overnight,COMPLETED,runs/overnight/overnight_M11_default_synthetic_track_c_f2_s47_h20/receipt.json,
overnight_M11_default_synthetic_track_c_f2_s89_h20,M11,default,synthetic_track_c,2,89,20,overnight,,,funding_shortfall,overnight,COMPLETED,runs/overnight/overnight_M11_default_synthetic_track_c_f2_s89_h20/receipt.json,
overnight_M12_default_etf_track_a_f0_s11_h20,M12,default,etf_track_a,0,11,20,overnight,,,market_mse,overnight,COMPLETED,runs/overnight/overnight_M12_default_etf_track_a_f0_s11_h20/receipt.json,
overnight_M12_default_etf_track_a_f0_s23_h20,M12,default,etf_track_a,0,23,20,overnight,,,market_mse,overnight,COMPLETED,runs/overnight/overnight_M12_default_etf_track_a_f0_s23_h20/receipt.json,
overnight_M12_default_etf_track_a_f0_s47_h20,M12,default,etf_track_a,0,47,20,overnight,,,market_mse,overnight,COMPLETED,runs/overnight/overnight_M12_default_etf_track_a_f0_s47_h20/receipt.json,
overnight_M12_default_etf_track_a_f0_s89_h20,M12,default,etf_track_a,0,89,20,overnight,,,market_mse,overnight,COMPLETED,runs/overnight/overnight_M12_default_etf_track_a_f0_s89_h20/receipt.json,
overnight_M12_default_etf_track_a_f1_s11_h20,M12,default,etf_track_a,1,11,20,overnight,,,market_mse,overnight,COMPLETED,runs/overnight/overnight_M12_default_etf_track_a_f1_s11_h20/receipt.json,
overnight_M12_default_etf_track_a_f1_s23_h20,M12,default,etf_track_a,1,23,20,overnight,,,market_mse,overnight,COMPLETED,runs/overnight/overnight_M12_default_etf_track_a_f1_s23_h20/receipt.json,
overnight_M12_default_etf_track_a_f1_s47_h20,M12,default,etf_track_a,1,47,20,overnight,,,market_mse,overnight,COMPLETED,runs/overnight/overnight_M12_default_etf_track_a_f1_s47_h20/receipt.json,
overnight_M12_default_etf_track_a_f1_s89_h20,M12,default,etf_track_a,1,89,20,overnight,,,market_mse,overnight,COMPLETED,runs/overnight/overnight_M12_default_etf_track_a_f1_s89_h20/receipt.json,
overnight_M12_default_etf_track_a_f2_s11_h20,M12,default,etf_track_a,2,11,20,overnight,,,market_mse,overnight,COMPLETED,runs/overnight/overnight_M12_default_etf_track_a_f2_s11_h20/receipt.json,
overnight_M12_default_etf_track_a_f2_s23_h20,M12,default,etf_track_a,2,23,20,overnight,,,market_mse,overnight,COMPLETED,runs/overnight/overnight_M12_default_etf_track_a_f2_s23_h20/receipt.json,
overnight_M12_default_etf_track_a_f2_s47_h20,M12,default,etf_track_a,2,47,20,overnight,,,market_mse,overnight,COMPLETED,runs/overnight/overnight_M12_default_etf_track_a_f2_s47_h20/receipt.json,
overnight_M12_default_etf_track_a_f2_s89_h20,M12,default,etf_track_a,2,89,20,overnight,,,market_mse,overnight,COMPLETED,runs/overnight/overnight_M12_default_etf_track_a_f2_s89_h20/receipt.json,
overnight_M12_default_synthetic_track_c_f0_s11_h20,M12,default,synthetic_track_c,0,11,20,overnight,,,market_mse,overnight,COMPLETED,runs/overnight/overnight_M12_default_synthetic_track_c_f0_s11_h20/receipt.json,
overnight_M12_default_synthetic_track_c_f0_s23_h20,M12,default,synthetic_track_c,0,23,20,overnight,,,market_mse,overnight,COMPLETED,runs/overnight/overnight_M12_default_synthetic_track_c_f0_s23_h20/receipt.json,
overnight_M12_default_synthetic_track_c_f0_s47_h20,M12,default,synthetic_track_c,0,47,20,overnight,,,market_mse,overnight,COMPLETED,runs/overnight/overnight_M12_default_synthetic_track_c_f0_s47_h20/receipt.json,
overnight_M12_default_synthetic_track_c_f0_s89_h20,M12,default,synthetic_track_c,0,89,20,overnight,,,market_mse,overnight,COMPLETED,runs/overnight/overnight_M12_default_synthetic_track_c_f0_s89_h20/receipt.json,
overnight_M12_default_synthetic_track_c_f1_s11_h20,M12,default,synthetic_track_c,1,11,20,overnight,,,market_mse,overnight,COMPLETED,runs/overnight/overnight_M12_default_synthetic_track_c_f1_s11_h20/receipt.json,
overnight_M12_default_synthetic_track_c_f1_s23_h20,M12,default,synthetic_track_c,1,23,20,overnight,,,market_mse,overnight,COMPLETED,runs/overnight/overnight_M12_default_synthetic_track_c_f1_s23_h20/receipt.json,
overnight_M12_default_synthetic_track_c_f1_s47_h20,M12,default,synthetic_track_c,1,47,20,overnight,,,market_mse,overnight,COMPLETED,runs/overnight/overnight_M12_default_synthetic_track_c_f1_s47_h20/receipt.json,
overnight_M12_default_synthetic_track_c_f1_s89_h20,M12,default,synthetic_track_c,1,89,20,overnight,,,market_mse,overnight,COMPLETED,runs/overnight/overnight_M12_default_synthetic_track_c_f1_s89_h20/receipt.json,
overnight_M12_default_synthetic_track_c_f2_s11_h20,M12,default,synthetic_track_c,2,11,20,overnight,,,market_mse,overnight,COMPLETED,runs/overnight/overnight_M12_default_synthetic_track_c_f2_s11_h20/receipt.json,
overnight_M12_default_synthetic_track_c_f2_s23_h20,M12,default,synthetic_track_c,2,23,20,overnight,,,market_mse,overnight,COMPLETED,runs/overnight/overnight_M12_default_synthetic_track_c_f2_s23_h20/receipt.json,
overnight_M12_default_synthetic_track_c_f2_s47_h20,M12,default,synthetic_track_c,2,47,20,overnight,,,market_mse,overnight,COMPLETED,runs/overnight/overnight_M12_default_synthetic_track_c_f2_s47_h20/receipt.json,
overnight_M12_default_synthetic_track_c_f2_s89_h20,M12,default,synthetic_track_c,2,89,20,overnight,,,market_mse,overnight,COMPLETED,runs/overnight/overnight_M12_default_synthetic_track_c_f2_s89_h20/receipt.json,
pilot_B_EWMA_COV_default_etf_track_a_f0_s11_h20,B_EWMA_COV,default,etf_track_a,0,11,20,pilot,,,frobenius_cov_error,pilot,COMPLETED,runs/pilot/pilot_B_EWMA_COV_default_etf_track_a_f0_s11_h20/receipt.json,
pilot_B_EWMA_COV_default_etf_track_a_f0_s23_h20,B_EWMA_COV,default,etf_track_a,0,23,20,pilot,,,frobenius_cov_error,pilot,COMPLETED,runs/pilot/pilot_B_EWMA_COV_default_etf_track_a_f0_s23_h20/receipt.json,
pilot_B_EWMA_COV_default_etf_track_a_f0_s47_h20,B_EWMA_COV,default,etf_track_a,0,47,20,pilot,,,frobenius_cov_error,pilot,COMPLETED,runs/pilot/pilot_B_EWMA_COV_default_etf_track_a_f0_s47_h20/receipt.json,
pilot_B_EWMA_COV_default_etf_track_a_f1_s11_h20,B_EWMA_COV,default,etf_track_a,1,11,20,pilot,,,frobenius_cov_error,pilot,COMPLETED,runs/pilot/pilot_B_EWMA_COV_default_etf_track_a_f1_s11_h20/receipt.json,
pilot_B_EWMA_COV_default_etf_track_a_f1_s23_h20,B_EWMA_COV,default,etf_track_a,1,23,20,pilot,,,frobenius_cov_error,pilot,COMPLETED,runs/pilot/pilot_B_EWMA_COV_default_etf_track_a_f1_s23_h20/receipt.json,
pilot_B_EWMA_COV_default_etf_track_a_f1_s47_h20,B_EWMA_COV,default,etf_track_a,1,47,20,pilot,,,frobenius_cov_error,pilot,COMPLETED,runs/pilot/pilot_B_EWMA_COV_default_etf_track_a_f1_s47_h20/receipt.json,
pilot_B_EWMA_COV_default_synthetic_track_c_f0_s11_h20,B_EWMA_COV,default,synthetic_track_c,0,11,20,pilot,,,frobenius_cov_error,pilot,COMPLETED,runs/pilot/pilot_B_EWMA_COV_default_synthetic_track_c_f0_s11_h20/receipt.json,
pilot_B_EWMA_COV_default_synthetic_track_c_f0_s23_h20,B_EWMA_COV,default,synthetic_track_c,0,23,20,pilot,,,frobenius_cov_error,pilot,COMPLETED,runs/pilot/pilot_B_EWMA_COV_default_synthetic_track_c_f0_s23_h20/receipt.json,
pilot_B_EWMA_COV_default_synthetic_track_c_f0_s47_h20,B_EWMA_COV,default,synthetic_track_c,0,47,20,pilot,,,frobenius_cov_error,pilot,COMPLETED,runs/pilot/pilot_B_EWMA_COV_default_synthetic_track_c_f0_s47_h20/receipt.json,
pilot_B_EWMA_COV_default_synthetic_track_c_f1_s11_h20,B_EWMA_COV,default,synthetic_track_c,1,11,20,pilot,,,frobenius_cov_error,pilot,COMPLETED,runs/pilot/pilot_B_EWMA_COV_default_synthetic_track_c_f1_s11_h20/receipt.json,
pilot_B_EWMA_COV_default_synthetic_track_c_f1_s23_h20,B_EWMA_COV,default,synthetic_track_c,1,23,20,pilot,,,frobenius_cov_error,pilot,COMPLETED,runs/pilot/pilot_B_EWMA_COV_default_synthetic_track_c_f1_s23_h20/receipt.json,
pilot_B_EWMA_COV_default_synthetic_track_c_f1_s47_h20,B_EWMA_COV,default,synthetic_track_c,1,47,20,pilot,,,frobenius_cov_error,pilot,COMPLETED,runs/pilot/pilot_B_EWMA_COV_default_synthetic_track_c_f1_s47_h20/receipt.json,
pilot_B_PERSISTENCE_default_etf_track_a_f0_s11_h20,B_PERSISTENCE,default,etf_track_a,0,11,20,pilot,,,mse,pilot,COMPLETED,runs/pilot/pilot_B_PERSISTENCE_default_etf_track_a_f0_s11_h20/receipt.json,
pilot_B_PERSISTENCE_default_etf_track_a_f0_s23_h20,B_PERSISTENCE,default,etf_track_a,0,23,20,pilot,,,mse,pilot,COMPLETED,runs/pilot/pilot_B_PERSISTENCE_default_etf_track_a_f0_s23_h20/receipt.json,
pilot_B_PERSISTENCE_default_etf_track_a_f0_s47_h20,B_PERSISTENCE,default,etf_track_a,0,47,20,pilot,,,mse,pilot,COMPLETED,runs/pilot/pilot_B_PERSISTENCE_default_etf_track_a_f0_s47_h20/receipt.json,
pilot_B_PERSISTENCE_default_etf_track_a_f1_s11_h20,B_PERSISTENCE,default,etf_track_a,1,11,20,pilot,,,mse,pilot,COMPLETED,runs/pilot/pilot_B_PERSISTENCE_default_etf_track_a_f1_s11_h20/receipt.json,
pilot_B_PERSISTENCE_default_etf_track_a_f1_s23_h20,B_PERSISTENCE,default,etf_track_a,1,23,20,pilot,,,mse,pilot,COMPLETED,runs/pilot/pilot_B_PERSISTENCE_default_etf_track_a_f1_s23_h20/receipt.json,
pilot_B_PERSISTENCE_default_etf_track_a_f1_s47_h20,B_PERSISTENCE,default,etf_track_a,1,47,20,pilot,,,mse,pilot,COMPLETED,runs/pilot/pilot_B_PERSISTENCE_default_etf_track_a_f1_s47_h20/receipt.json,
pilot_B_PERSISTENCE_default_synthetic_track_c_f0_s11_h20,B_PERSISTENCE,default,synthetic_track_c,0,11,20,pilot,,,mse,pilot,COMPLETED,runs/pilot/pilot_B_PERSISTENCE_default_synthetic_track_c_f0_s11_h20/receipt.json,
pilot_B_PERSISTENCE_default_synthetic_track_c_f0_s23_h20,B_PERSISTENCE,default,synthetic_track_c,0,23,20,pilot,,,mse,pilot,COMPLETED,runs/pilot/pilot_B_PERSISTENCE_default_synthetic_track_c_f0_s23_h20/receipt.json,
pilot_B_PERSISTENCE_default_synthetic_track_c_f0_s47_h20,B_PERSISTENCE,default,synthetic_track_c,0,47,20,pilot,,,mse,pilot,COMPLETED,runs/pilot/pilot_B_PERSISTENCE_default_synthetic_track_c_f0_s47_h20/receipt.json,
pilot_B_PERSISTENCE_default_synthetic_track_c_f1_s11_h20,B_PERSISTENCE,default,synthetic_track_c,1,11,20,pilot,,,mse,pilot,COMPLETED,runs/pilot/pilot_B_PERSISTENCE_default_synthetic_track_c_f1_s11_h20/receipt.json,
pilot_B_PERSISTENCE_default_synthetic_track_c_f1_s23_h20,B_PERSISTENCE,default,synthetic_track_c,1,23,20,pilot,,,mse,pilot,COMPLETED,runs/pilot/pilot_B_PERSISTENCE_default_synthetic_track_c_f1_s23_h20/receipt.json,
pilot_B_PERSISTENCE_default_synthetic_track_c_f1_s47_h20,B_PERSISTENCE,default,synthetic_track_c,1,47,20,pilot,,,mse,pilot,COMPLETED,runs/pilot/pilot_B_PERSISTENCE_default_synthetic_track_c_f1_s47_h20/receipt.json,
pilot_B_RIDGE_default_etf_track_a_f0_s11_h20,B_RIDGE,default,etf_track_a,0,11,20,pilot,,,mse,pilot,COMPLETED,runs/pilot/pilot_B_RIDGE_default_etf_track_a_f0_s11_h20/receipt.json,
pilot_B_RIDGE_default_etf_track_a_f0_s23_h20,B_RIDGE,default,etf_track_a,0,23,20,pilot,,,mse,pilot,COMPLETED,runs/pilot/pilot_B_RIDGE_default_etf_track_a_f0_s23_h20/receipt.json,
pilot_B_RIDGE_default_etf_track_a_f0_s47_h20,B_RIDGE,default,etf_track_a,0,47,20,pilot,,,mse,pilot,COMPLETED,runs/pilot/pilot_B_RIDGE_default_etf_track_a_f0_s47_h20/receipt.json,
pilot_B_RIDGE_default_etf_track_a_f1_s11_h20,B_RIDGE,default,etf_track_a,1,11,20,pilot,,,mse,pilot,COMPLETED,runs/pilot/pilot_B_RIDGE_default_etf_track_a_f1_s11_h20/receipt.json,
pilot_B_RIDGE_default_etf_track_a_f1_s23_h20,B_RIDGE,default,etf_track_a,1,23,20,pilot,,,mse,pilot,COMPLETED,runs/pilot/pilot_B_RIDGE_default_etf_track_a_f1_s23_h20/receipt.json,
pilot_B_RIDGE_default_etf_track_a_f1_s47_h20,B_RIDGE,default,etf_track_a,1,47,20,pilot,,,mse,pilot,COMPLETED,runs/pilot/pilot_B_RIDGE_default_etf_track_a_f1_s47_h20/receipt.json,
pilot_B_RIDGE_default_synthetic_track_c_f0_s11_h20,B_RIDGE,default,synthetic_track_c,0,11,20,pilot,,,mse,pilot,COMPLETED,runs/pilot/pilot_B_RIDGE_default_synthetic_track_c_f0_s11_h20/receipt.json,
pilot_B_RIDGE_default_synthetic_track_c_f0_s23_h20,B_RIDGE,default,synthetic_track_c,0,23,20,pilot,,,mse,pilot,COMPLETED,runs/pilot/pilot_B_RIDGE_default_synthetic_track_c_f0_s23_h20/receipt.json,
pilot_B_RIDGE_default_synthetic_track_c_f0_s47_h20,B_RIDGE,default,synthetic_track_c,0,47,20,pilot,,,mse,pilot,COMPLETED,runs/pilot/pilot_B_RIDGE_default_synthetic_track_c_f0_s47_h20/receipt.json,
pilot_B_RIDGE_default_synthetic_track_c_f1_s11_h20,B_RIDGE,default,synthetic_track_c,1,11,20,pilot,,,mse,pilot,COMPLETED,runs/pilot/pilot_B_RIDGE_default_synthetic_track_c_f1_s11_h20/receipt.json,
pilot_B_RIDGE_default_synthetic_track_c_f1_s23_h20,B_RIDGE,default,synthetic_track_c,1,23,20,pilot,,,mse,pilot,COMPLETED,runs/pilot/pilot_B_RIDGE_default_synthetic_track_c_f1_s23_h20/receipt.json,
pilot_B_RIDGE_default_synthetic_track_c_f1_s47_h20,B_RIDGE,default,synthetic_track_c,1,47,20,pilot,,,mse,pilot,COMPLETED,runs/pilot/pilot_B_RIDGE_default_synthetic_track_c_f1_s47_h20/receipt.json,
pilot_M01_ablation_no_regime_synthetic_track_c_f0_s11_h20,M01,ablation_no_regime,synthetic_track_c,0,11,20,pilot,,,pinball_loss,pilot,COMPLETED,runs/pilot/pilot_M01_ablation_no_regime_synthetic_track_c_f0_s11_h20/receipt.json,
pilot_M01_ablation_soft_regime_synthetic_track_c_f0_s11_h20,M01,ablation_soft_regime,synthetic_track_c,0,11,20,pilot,,,pinball_loss,pilot,COMPLETED,runs/pilot/pilot_M01_ablation_soft_regime_synthetic_track_c_f0_s11_h20/receipt.json,
pilot_M01_default_etf_track_a_f0_s11_h20,M01,default,etf_track_a,0,11,20,pilot,,,pinball_loss,pilot,COMPLETED,runs/pilot/pilot_M01_default_etf_track_a_f0_s11_h20/receipt.json,
pilot_M01_default_etf_track_a_f0_s23_h20,M01,default,etf_track_a,0,23,20,pilot,,,pinball_loss,pilot,COMPLETED,runs/pilot/pilot_M01_default_etf_track_a_f0_s23_h20/receipt.json,
pilot_M01_default_etf_track_a_f0_s47_h20,M01,default,etf_track_a,0,47,20,pilot,,,pinball_loss,pilot,COMPLETED,runs/pilot/pilot_M01_default_etf_track_a_f0_s47_h20/receipt.json,
pilot_M01_default_etf_track_a_f1_s11_h20,M01,default,etf_track_a,1,11,20,pilot,,,pinball_loss,pilot,COMPLETED,runs/pilot/pilot_M01_default_etf_track_a_f1_s11_h20/receipt.json,
pilot_M01_default_etf_track_a_f1_s23_h20,M01,default,etf_track_a,1,23,20,pilot,,,pinball_loss,pilot,COMPLETED,runs/pilot/pilot_M01_default_etf_track_a_f1_s23_h20/receipt.json,
pilot_M01_default_etf_track_a_f1_s47_h20,M01,default,etf_track_a,1,47,20,pilot,,,pinball_loss,pilot,COMPLETED,runs/pilot/pilot_M01_default_etf_track_a_f1_s47_h20/receipt.json,
pilot_M01_default_synthetic_track_c_f0_s11_h20,M01,default,synthetic_track_c,0,11,20,pilot,,,pinball_loss,pilot,COMPLETED,runs/pilot/pilot_M01_default_synthetic_track_c_f0_s11_h20/receipt.json,
pilot_M01_default_synthetic_track_c_f0_s23_h20,M01,default,synthetic_track_c,0,23,20,pilot,,,pinball_loss,pilot,COMPLETED,runs/pilot/pilot_M01_default_synthetic_track_c_f0_s23_h20/receipt.json,
pilot_M01_default_synthetic_track_c_f0_s47_h20,M01,default,synthetic_track_c,0,47,20,pilot,,,pinball_loss,pilot,COMPLETED,runs/pilot/pilot_M01_default_synthetic_track_c_f0_s47_h20/receipt.json,
pilot_M01_default_synthetic_track_c_f1_s11_h20,M01,default,synthetic_track_c,1,11,20,pilot,,,pinball_loss,pilot,COMPLETED,runs/pilot/pilot_M01_default_synthetic_track_c_f1_s11_h20/receipt.json,
pilot_M01_default_synthetic_track_c_f1_s23_h20,M01,default,synthetic_track_c,1,23,20,pilot,,,pinball_loss,pilot,COMPLETED,runs/pilot/pilot_M01_default_synthetic_track_c_f1_s23_h20/receipt.json,
pilot_M01_default_synthetic_track_c_f1_s47_h20,M01,default,synthetic_track_c,1,47,20,pilot,,,pinball_loss,pilot,COMPLETED,runs/pilot/pilot_M01_default_synthetic_track_c_f1_s47_h20/receipt.json,
pilot_M02_default_etf_track_a_f0_s11_h20,M02,default,etf_track_a,0,11,20,pilot,,,spearman_ic,pilot,COMPLETED,runs/pilot/pilot_M02_default_etf_track_a_f0_s11_h20/receipt.json,
pilot_M02_default_etf_track_a_f0_s23_h20,M02,default,etf_track_a,0,23,20,pilot,,,spearman_ic,pilot,COMPLETED,runs/pilot/pilot_M02_default_etf_track_a_f0_s23_h20/receipt.json,
pilot_M02_default_etf_track_a_f0_s47_h20,M02,default,etf_track_a,0,47,20,pilot,,,spearman_ic,pilot,COMPLETED,runs/pilot/pilot_M02_default_etf_track_a_f0_s47_h20/receipt.json,
pilot_M02_default_etf_track_a_f1_s11_h20,M02,default,etf_track_a,1,11,20,pilot,,,spearman_ic,pilot,COMPLETED,runs/pilot/pilot_M02_default_etf_track_a_f1_s11_h20/receipt.json,
pilot_M02_default_etf_track_a_f1_s23_h20,M02,default,etf_track_a,1,23,20,pilot,,,spearman_ic,pilot,COMPLETED,runs/pilot/pilot_M02_default_etf_track_a_f1_s23_h20/receipt.json,
pilot_M02_default_etf_track_a_f1_s47_h20,M02,default,etf_track_a,1,47,20,pilot,,,spearman_ic,pilot,COMPLETED,runs/pilot/pilot_M02_default_etf_track_a_f1_s47_h20/receipt.json,
pilot_M02_default_synthetic_track_c_f0_s11_h20,M02,default,synthetic_track_c,0,11,20,pilot,,,spearman_ic,pilot,COMPLETED,runs/pilot/pilot_M02_default_synthetic_track_c_f0_s11_h20/receipt.json,
pilot_M02_default_synthetic_track_c_f0_s23_h20,M02,default,synthetic_track_c,0,23,20,pilot,,,spearman_ic,pilot,COMPLETED,runs/pilot/pilot_M02_default_synthetic_track_c_f0_s23_h20/receipt.json,
pilot_M02_default_synthetic_track_c_f0_s47_h20,M02,default,synthetic_track_c,0,47,20,pilot,,,spearman_ic,pilot,COMPLETED,runs/pilot/pilot_M02_default_synthetic_track_c_f0_s47_h20/receipt.json,
pilot_M02_default_synthetic_track_c_f1_s11_h20,M02,default,synthetic_track_c,1,11,20,pilot,,,spearman_ic,pilot,COMPLETED,runs/pilot/pilot_M02_default_synthetic_track_c_f1_s11_h20/receipt.json,
pilot_M02_default_synthetic_track_c_f1_s23_h20,M02,default,synthetic_track_c,1,23,20,pilot,,,spearman_ic,pilot,COMPLETED,runs/pilot/pilot_M02_default_synthetic_track_c_f1_s23_h20/receipt.json,
pilot_M02_default_synthetic_track_c_f1_s47_h20,M02,default,synthetic_track_c,1,47,20,pilot,,,spearman_ic,pilot,COMPLETED,runs/pilot/pilot_M02_default_synthetic_track_c_f1_s47_h20/receipt.json,
pilot_M03_default_etf_track_a_f0_s11_h20,M03,default,etf_track_a,0,11,20,pilot,,,mse,pilot,COMPLETED,runs/pilot/pilot_M03_default_etf_track_a_f0_s11_h20/receipt.json,
pilot_M03_default_etf_track_a_f0_s23_h20,M03,default,etf_track_a,0,23,20,pilot,,,mse,pilot,COMPLETED,runs/pilot/pilot_M03_default_etf_track_a_f0_s23_h20/receipt.json,
pilot_M03_default_etf_track_a_f0_s47_h20,M03,default,etf_track_a,0,47,20,pilot,,,mse,pilot,COMPLETED,runs/pilot/pilot_M03_default_etf_track_a_f0_s47_h20/receipt.json,
pilot_M03_default_etf_track_a_f1_s11_h20,M03,default,etf_track_a,1,11,20,pilot,,,mse,pilot,COMPLETED,runs/pilot/pilot_M03_default_etf_track_a_f1_s11_h20/receipt.json,
pilot_M03_default_etf_track_a_f1_s23_h20,M03,default,etf_track_a,1,23,20,pilot,,,mse,pilot,COMPLETED,runs/pilot/pilot_M03_default_etf_track_a_f1_s23_h20/receipt.json,
pilot_M03_default_etf_track_a_f1_s47_h20,M03,default,etf_track_a,1,47,20,pilot,,,mse,pilot,COMPLETED,runs/pilot/pilot_M03_default_etf_track_a_f1_s47_h20/receipt.json,
pilot_M03_default_synthetic_track_c_f0_s11_h20,M03,default,synthetic_track_c,0,11,20,pilot,,,mse,pilot,COMPLETED,runs/pilot/pilot_M03_default_synthetic_track_c_f0_s11_h20/receipt.json,
pilot_M03_default_synthetic_track_c_f0_s23_h20,M03,default,synthetic_track_c,0,23,20,pilot,,,mse,pilot,COMPLETED,runs/pilot/pilot_M03_default_synthetic_track_c_f0_s23_h20/receipt.json,
pilot_M03_default_synthetic_track_c_f0_s47_h20,M03,default,synthetic_track_c,0,47,20,pilot,,,mse,pilot,COMPLETED,runs/pilot/pilot_M03_default_synthetic_track_c_f0_s47_h20/receipt.json,
pilot_M03_default_synthetic_track_c_f1_s11_h20,M03,default,synthetic_track_c,1,11,20,pilot,,,mse,pilot,COMPLETED,runs/pilot/pilot_M03_default_synthetic_track_c_f1_s11_h20/receipt.json,
pilot_M03_default_synthetic_track_c_f1_s23_h20,M03,default,synthetic_track_c,1,23,20,pilot,,,mse,pilot,COMPLETED,runs/pilot/pilot_M03_default_synthetic_track_c_f1_s23_h20/receipt.json,
pilot_M03_default_synthetic_track_c_f1_s47_h20,M03,default,synthetic_track_c,1,47,20,pilot,,,mse,pilot,COMPLETED,runs/pilot/pilot_M03_default_synthetic_track_c_f1_s47_h20/receipt.json,
pilot_M04_ablation_mlp_backbone_synthetic_track_c_f0_s11_h20,M04,ablation_mlp_backbone,synthetic_track_c,0,11,20,pilot,,,mse,pilot,COMPLETED,runs/pilot/pilot_M04_ablation_mlp_backbone_synthetic_track_c_f0_s11_h20/receipt.json,
pilot_M04_default_etf_track_a_f0_s11_h20,M04,default,etf_track_a,0,11,20,pilot,,,mse,pilot,COMPLETED,runs/pilot/pilot_M04_default_etf_track_a_f0_s11_h20/receipt.json,
pilot_M04_default_etf_track_a_f0_s23_h20,M04,default,etf_track_a,0,23,20,pilot,,,mse,pilot,COMPLETED,runs/pilot/pilot_M04_default_etf_track_a_f0_s23_h20/receipt.json,
pilot_M04_default_etf_track_a_f0_s47_h20,M04,default,etf_track_a,0,47,20,pilot,,,mse,pilot,COMPLETED,runs/pilot/pilot_M04_default_etf_track_a_f0_s47_h20/receipt.json,
pilot_M04_default_etf_track_a_f1_s11_h20,M04,default,etf_track_a,1,11,20,pilot,,,mse,pilot,COMPLETED,runs/pilot/pilot_M04_default_etf_track_a_f1_s11_h20/receipt.json,
pilot_M04_default_etf_track_a_f1_s23_h20,M04,default,etf_track_a,1,23,20,pilot,,,mse,pilot,COMPLETED,runs/pilot/pilot_M04_default_etf_track_a_f1_s23_h20/receipt.json,
pilot_M04_default_etf_track_a_f1_s47_h20,M04,default,etf_track_a,1,47,20,pilot,,,mse,pilot,COMPLETED,runs/pilot/pilot_M04_default_etf_track_a_f1_s47_h20/receipt.json,
pilot_M04_default_synthetic_track_c_f0_s11_h20,M04,default,synthetic_track_c,0,11,20,pilot,,,mse,pilot,COMPLETED,runs/pilot/pilot_M04_default_synthetic_track_c_f0_s11_h20/receipt.json,
pilot_M04_default_synthetic_track_c_f0_s23_h20,M04,default,synthetic_track_c,0,23,20,pilot,,,mse,pilot,COMPLETED,runs/pilot/pilot_M04_default_synthetic_track_c_f0_s23_h20/receipt.json,
pilot_M04_default_synthetic_track_c_f0_s47_h20,M04,default,synthetic_track_c,0,47,20,pilot,,,mse,pilot,COMPLETED,runs/pilot/pilot_M04_default_synthetic_track_c_f0_s47_h20/receipt.json,
pilot_M04_default_synthetic_track_c_f1_s11_h20,M04,default,synthetic_track_c,1,11,20,pilot,,,mse,pilot,COMPLETED,runs/pilot/pilot_M04_default_synthetic_track_c_f1_s11_h20/receipt.json,
pilot_M04_default_synthetic_track_c_f1_s23_h20,M04,default,synthetic_track_c,1,23,20,pilot,,,mse,pilot,COMPLETED,runs/pilot/pilot_M04_default_synthetic_track_c_f1_s23_h20/receipt.json,
pilot_M04_default_synthetic_track_c_f1_s47_h20,M04,default,synthetic_track_c,1,47,20,pilot,,,mse,pilot,COMPLETED,runs/pilot/pilot_M04_default_synthetic_track_c_f1_s47_h20/receipt.json,
pilot_M05_ablation_linear_only_synthetic_track_c_f0_s11_h20,M05,ablation_linear_only,synthetic_track_c,0,11,20,pilot,,,mse,pilot,COMPLETED,runs/pilot/pilot_M05_ablation_linear_only_synthetic_track_c_f0_s11_h20/receipt.json,
pilot_M05_default_etf_track_a_f0_s11_h20,M05,default,etf_track_a,0,11,20,pilot,,,mse,pilot,COMPLETED,runs/pilot/pilot_M05_default_etf_track_a_f0_s11_h20/receipt.json,
pilot_M05_default_etf_track_a_f0_s23_h20,M05,default,etf_track_a,0,23,20,pilot,,,mse,pilot,COMPLETED,runs/pilot/pilot_M05_default_etf_track_a_f0_s23_h20/receipt.json,
pilot_M05_default_etf_track_a_f0_s47_h20,M05,default,etf_track_a,0,47,20,pilot,,,mse,pilot,COMPLETED,runs/pilot/pilot_M05_default_etf_track_a_f0_s47_h20/receipt.json,
pilot_M05_default_etf_track_a_f1_s11_h20,M05,default,etf_track_a,1,11,20,pilot,,,mse,pilot,COMPLETED,runs/pilot/pilot_M05_default_etf_track_a_f1_s11_h20/receipt.json,
pilot_M05_default_etf_track_a_f1_s23_h20,M05,default,etf_track_a,1,23,20,pilot,,,mse,pilot,COMPLETED,runs/pilot/pilot_M05_default_etf_track_a_f1_s23_h20/receipt.json,
pilot_M05_default_etf_track_a_f1_s47_h20,M05,default,etf_track_a,1,47,20,pilot,,,mse,pilot,COMPLETED,runs/pilot/pilot_M05_default_etf_track_a_f1_s47_h20/receipt.json,
pilot_M05_default_synthetic_track_c_f0_s11_h20,M05,default,synthetic_track_c,0,11,20,pilot,,,mse,pilot,COMPLETED,runs/pilot/pilot_M05_default_synthetic_track_c_f0_s11_h20/receipt.json,
pilot_M05_default_synthetic_track_c_f0_s23_h20,M05,default,synthetic_track_c,0,23,20,pilot,,,mse,pilot,COMPLETED,runs/pilot/pilot_M05_default_synthetic_track_c_f0_s23_h20/receipt.json,
pilot_M05_default_synthetic_track_c_f0_s47_h20,M05,default,synthetic_track_c,0,47,20,pilot,,,mse,pilot,COMPLETED,runs/pilot/pilot_M05_default_synthetic_track_c_f0_s47_h20/receipt.json,
pilot_M05_default_synthetic_track_c_f1_s11_h20,M05,default,synthetic_track_c,1,11,20,pilot,,,mse,pilot,COMPLETED,runs/pilot/pilot_M05_default_synthetic_track_c_f1_s11_h20/receipt.json,
pilot_M05_default_synthetic_track_c_f1_s23_h20,M05,default,synthetic_track_c,1,23,20,pilot,,,mse,pilot,COMPLETED,runs/pilot/pilot_M05_default_synthetic_track_c_f1_s23_h20/receipt.json,
pilot_M05_default_synthetic_track_c_f1_s47_h20,M05,default,synthetic_track_c,1,47,20,pilot,,,mse,pilot,COMPLETED,runs/pilot/pilot_M05_default_synthetic_track_c_f1_s47_h20/receipt.json,
pilot_M06_default_etf_track_a_f0_s11_h20,M06,default,etf_track_a,0,11,20,pilot,,,latent_mse,pilot,COMPLETED,runs/pilot/pilot_M06_default_etf_track_a_f0_s11_h20/receipt.json,
pilot_M06_default_etf_track_a_f0_s23_h20,M06,default,etf_track_a,0,23,20,pilot,,,latent_mse,pilot,COMPLETED,runs/pilot/pilot_M06_default_etf_track_a_f0_s23_h20/receipt.json,
pilot_M06_default_etf_track_a_f0_s47_h20,M06,default,etf_track_a,0,47,20,pilot,,,latent_mse,pilot,COMPLETED,runs/pilot/pilot_M06_default_etf_track_a_f0_s47_h20/receipt.json,
pilot_M06_default_etf_track_a_f1_s11_h20,M06,default,etf_track_a,1,11,20,pilot,,,latent_mse,pilot,COMPLETED,runs/pilot/pilot_M06_default_etf_track_a_f1_s11_h20/receipt.json,
pilot_M06_default_etf_track_a_f1_s23_h20,M06,default,etf_track_a,1,23,20,pilot,,,latent_mse,pilot,COMPLETED,runs/pilot/pilot_M06_default_etf_track_a_f1_s23_h20/receipt.json,
pilot_M06_default_etf_track_a_f1_s47_h20,M06,default,etf_track_a,1,47,20,pilot,,,latent_mse,pilot,COMPLETED,runs/pilot/pilot_M06_default_etf_track_a_f1_s47_h20/receipt.json,
pilot_M06_default_synthetic_track_c_f0_s11_h20,M06,default,synthetic_track_c,0,11,20,pilot,,,latent_mse,pilot,COMPLETED,runs/pilot/pilot_M06_default_synthetic_track_c_f0_s11_h20/receipt.json,
pilot_M06_default_synthetic_track_c_f0_s23_h20,M06,default,synthetic_track_c,0,23,20,pilot,,,latent_mse,pilot,COMPLETED,runs/pilot/pilot_M06_default_synthetic_track_c_f0_s23_h20/receipt.json,
pilot_M06_default_synthetic_track_c_f0_s47_h20,M06,default,synthetic_track_c,0,47,20,pilot,,,latent_mse,pilot,COMPLETED,runs/pilot/pilot_M06_default_synthetic_track_c_f0_s47_h20/receipt.json,
pilot_M06_default_synthetic_track_c_f1_s11_h20,M06,default,synthetic_track_c,1,11,20,pilot,,,latent_mse,pilot,COMPLETED,runs/pilot/pilot_M06_default_synthetic_track_c_f1_s11_h20/receipt.json,
pilot_M06_default_synthetic_track_c_f1_s23_h20,M06,default,synthetic_track_c,1,23,20,pilot,,,latent_mse,pilot,COMPLETED,runs/pilot/pilot_M06_default_synthetic_track_c_f1_s23_h20/receipt.json,
pilot_M06_default_synthetic_track_c_f1_s47_h20,M06,default,synthetic_track_c,1,47,20,pilot,,,latent_mse,pilot,COMPLETED,runs/pilot/pilot_M06_default_synthetic_track_c_f1_s47_h20/receipt.json,
pilot_M07_default_etf_track_a_f0_s11_h20,M07,default,etf_track_a,0,11,20,pilot,,,cov_forecast_mse,pilot,COMPLETED,runs/pilot/pilot_M07_default_etf_track_a_f0_s11_h20/receipt.json,
pilot_M07_default_etf_track_a_f0_s23_h20,M07,default,etf_track_a,0,23,20,pilot,,,cov_forecast_mse,pilot,COMPLETED,runs/pilot/pilot_M07_default_etf_track_a_f0_s23_h20/receipt.json,
pilot_M07_default_etf_track_a_f0_s47_h20,M07,default,etf_track_a,0,47,20,pilot,,,cov_forecast_mse,pilot,COMPLETED,runs/pilot/pilot_M07_default_etf_track_a_f0_s47_h20/receipt.json,
pilot_M07_default_etf_track_a_f1_s11_h20,M07,default,etf_track_a,1,11,20,pilot,,,cov_forecast_mse,pilot,COMPLETED,runs/pilot/pilot_M07_default_etf_track_a_f1_s11_h20/receipt.json,
pilot_M07_default_etf_track_a_f1_s23_h20,M07,default,etf_track_a,1,23,20,pilot,,,cov_forecast_mse,pilot,COMPLETED,runs/pilot/pilot_M07_default_etf_track_a_f1_s23_h20/receipt.json,
pilot_M07_default_etf_track_a_f1_s47_h20,M07,default,etf_track_a,1,47,20,pilot,,,cov_forecast_mse,pilot,COMPLETED,runs/pilot/pilot_M07_default_etf_track_a_f1_s47_h20/receipt.json,
pilot_M07_default_synthetic_track_c_f0_s11_h20,M07,default,synthetic_track_c,0,11,20,pilot,,,cov_forecast_mse,pilot,COMPLETED,runs/pilot/pilot_M07_default_synthetic_track_c_f0_s11_h20/receipt.json,
pilot_M07_default_synthetic_track_c_f0_s23_h20,M07,default,synthetic_track_c,0,23,20,pilot,,,cov_forecast_mse,pilot,COMPLETED,runs/pilot/pilot_M07_default_synthetic_track_c_f0_s23_h20/receipt.json,
pilot_M07_default_synthetic_track_c_f0_s47_h20,M07,default,synthetic_track_c,0,47,20,pilot,,,cov_forecast_mse,pilot,COMPLETED,runs/pilot/pilot_M07_default_synthetic_track_c_f0_s47_h20/receipt.json,
pilot_M07_default_synthetic_track_c_f1_s11_h20,M07,default,synthetic_track_c,1,11,20,pilot,,,cov_forecast_mse,pilot,COMPLETED,runs/pilot/pilot_M07_default_synthetic_track_c_f1_s11_h20/receipt.json,
pilot_M07_default_synthetic_track_c_f1_s23_h20,M07,default,synthetic_track_c,1,23,20,pilot,,,cov_forecast_mse,pilot,COMPLETED,runs/pilot/pilot_M07_default_synthetic_track_c_f1_s23_h20/receipt.json,
pilot_M07_default_synthetic_track_c_f1_s47_h20,M07,default,synthetic_track_c,1,47,20,pilot,,,cov_forecast_mse,pilot,COMPLETED,runs/pilot/pilot_M07_default_synthetic_track_c_f1_s47_h20/receipt.json,
pilot_M08_default_etf_track_a_f0_s11_h20,M08,default,etf_track_a,0,11,20,pilot,,,graph_latent_mse,pilot,COMPLETED,runs/pilot/pilot_M08_default_etf_track_a_f0_s11_h20/receipt.json,
pilot_M08_default_etf_track_a_f0_s23_h20,M08,default,etf_track_a,0,23,20,pilot,,,graph_latent_mse,pilot,COMPLETED,runs/pilot/pilot_M08_default_etf_track_a_f0_s23_h20/receipt.json,
pilot_M08_default_etf_track_a_f0_s47_h20,M08,default,etf_track_a,0,47,20,pilot,,,graph_latent_mse,pilot,COMPLETED,runs/pilot/pilot_M08_default_etf_track_a_f0_s47_h20/receipt.json,
pilot_M08_default_etf_track_a_f1_s11_h20,M08,default,etf_track_a,1,11,20,pilot,,,graph_latent_mse,pilot,COMPLETED,runs/pilot/pilot_M08_default_etf_track_a_f1_s11_h20/receipt.json,
pilot_M08_default_etf_track_a_f1_s23_h20,M08,default,etf_track_a,1,23,20,pilot,,,graph_latent_mse,pilot,COMPLETED,runs/pilot/pilot_M08_default_etf_track_a_f1_s23_h20/receipt.json,
pilot_M08_default_etf_track_a_f1_s47_h20,M08,default,etf_track_a,1,47,20,pilot,,,graph_latent_mse,pilot,COMPLETED,runs/pilot/pilot_M08_default_etf_track_a_f1_s47_h20/receipt.json,
pilot_M08_default_synthetic_track_c_f0_s11_h20,M08,default,synthetic_track_c,0,11,20,pilot,,,graph_latent_mse,pilot,COMPLETED,runs/pilot/pilot_M08_default_synthetic_track_c_f0_s11_h20/receipt.json,
pilot_M08_default_synthetic_track_c_f0_s23_h20,M08,default,synthetic_track_c,0,23,20,pilot,,,graph_latent_mse,pilot,COMPLETED,runs/pilot/pilot_M08_default_synthetic_track_c_f0_s23_h20/receipt.json,
pilot_M08_default_synthetic_track_c_f0_s47_h20,M08,default,synthetic_track_c,0,47,20,pilot,,,graph_latent_mse,pilot,COMPLETED,runs/pilot/pilot_M08_default_synthetic_track_c_f0_s47_h20/receipt.json,
pilot_M08_default_synthetic_track_c_f1_s11_h20,M08,default,synthetic_track_c,1,11,20,pilot,,,graph_latent_mse,pilot,COMPLETED,runs/pilot/pilot_M08_default_synthetic_track_c_f1_s11_h20/receipt.json,
pilot_M08_default_synthetic_track_c_f1_s23_h20,M08,default,synthetic_track_c,1,23,20,pilot,,,graph_latent_mse,pilot,COMPLETED,runs/pilot/pilot_M08_default_synthetic_track_c_f1_s23_h20/receipt.json,
pilot_M08_default_synthetic_track_c_f1_s47_h20,M08,default,synthetic_track_c,1,47,20,pilot,,,graph_latent_mse,pilot,COMPLETED,runs/pilot/pilot_M08_default_synthetic_track_c_f1_s47_h20/receipt.json,
pilot_M09_default_etf_track_a_f0_s11_h20,M09,default,etf_track_a,0,11,20,pilot,,,mse,pilot,COMPLETED,runs/pilot/pilot_M09_default_etf_track_a_f0_s11_h20/receipt.json,
pilot_M09_default_etf_track_a_f0_s23_h20,M09,default,etf_track_a,0,23,20,pilot,,,mse,pilot,COMPLETED,runs/pilot/pilot_M09_default_etf_track_a_f0_s23_h20/receipt.json,
pilot_M09_default_etf_track_a_f0_s47_h20,M09,default,etf_track_a,0,47,20,pilot,,,mse,pilot,COMPLETED,runs/pilot/pilot_M09_default_etf_track_a_f0_s47_h20/receipt.json,
pilot_M09_default_etf_track_a_f1_s11_h20,M09,default,etf_track_a,1,11,20,pilot,,,mse,pilot,COMPLETED,runs/pilot/pilot_M09_default_etf_track_a_f1_s11_h20/receipt.json,
pilot_M09_default_etf_track_a_f1_s23_h20,M09,default,etf_track_a,1,23,20,pilot,,,mse,pilot,COMPLETED,runs/pilot/pilot_M09_default_etf_track_a_f1_s23_h20/receipt.json,
pilot_M09_default_etf_track_a_f1_s47_h20,M09,default,etf_track_a,1,47,20,pilot,,,mse,pilot,COMPLETED,runs/pilot/pilot_M09_default_etf_track_a_f1_s47_h20/receipt.json,
pilot_M09_default_synthetic_track_c_f0_s11_h20,M09,default,synthetic_track_c,0,11,20,pilot,,,mse,pilot,COMPLETED,runs/pilot/pilot_M09_default_synthetic_track_c_f0_s11_h20/receipt.json,
pilot_M09_default_synthetic_track_c_f0_s23_h20,M09,default,synthetic_track_c,0,23,20,pilot,,,mse,pilot,COMPLETED,runs/pilot/pilot_M09_default_synthetic_track_c_f0_s23_h20/receipt.json,
pilot_M09_default_synthetic_track_c_f0_s47_h20,M09,default,synthetic_track_c,0,47,20,pilot,,,mse,pilot,COMPLETED,runs/pilot/pilot_M09_default_synthetic_track_c_f0_s47_h20/receipt.json,
pilot_M09_default_synthetic_track_c_f1_s11_h20,M09,default,synthetic_track_c,1,11,20,pilot,,,mse,pilot,COMPLETED,runs/pilot/pilot_M09_default_synthetic_track_c_f1_s11_h20/receipt.json,
pilot_M09_default_synthetic_track_c_f1_s23_h20,M09,default,synthetic_track_c,1,23,20,pilot,,,mse,pilot,COMPLETED,runs/pilot/pilot_M09_default_synthetic_track_c_f1_s23_h20/receipt.json,
pilot_M09_default_synthetic_track_c_f1_s47_h20,M09,default,synthetic_track_c,1,47,20,pilot,,,mse,pilot,COMPLETED,runs/pilot/pilot_M09_default_synthetic_track_c_f1_s47_h20/receipt.json,
pilot_M10_default_etf_track_a_f0_s11_h20,M10,default,etf_track_a,0,11,20,pilot,,,energy_score_proxy_mse,pilot,COMPLETED,runs/pilot/pilot_M10_default_etf_track_a_f0_s11_h20/receipt.json,
pilot_M10_default_etf_track_a_f0_s23_h20,M10,default,etf_track_a,0,23,20,pilot,,,energy_score_proxy_mse,pilot,COMPLETED,runs/pilot/pilot_M10_default_etf_track_a_f0_s23_h20/receipt.json,
pilot_M10_default_etf_track_a_f0_s47_h20,M10,default,etf_track_a,0,47,20,pilot,,,energy_score_proxy_mse,pilot,COMPLETED,runs/pilot/pilot_M10_default_etf_track_a_f0_s47_h20/receipt.json,
pilot_M10_default_etf_track_a_f1_s11_h20,M10,default,etf_track_a,1,11,20,pilot,,,energy_score_proxy_mse,pilot,COMPLETED,runs/pilot/pilot_M10_default_etf_track_a_f1_s11_h20/receipt.json,
pilot_M10_default_etf_track_a_f1_s23_h20,M10,default,etf_track_a,1,23,20,pilot,,,energy_score_proxy_mse,pilot,COMPLETED,runs/pilot/pilot_M10_default_etf_track_a_f1_s23_h20/receipt.json,
pilot_M10_default_etf_track_a_f1_s47_h20,M10,default,etf_track_a,1,47,20,pilot,,,energy_score_proxy_mse,pilot,COMPLETED,runs/pilot/pilot_M10_default_etf_track_a_f1_s47_h20/receipt.json,
pilot_M10_default_synthetic_track_c_f0_s11_h20,M10,default,synthetic_track_c,0,11,20,pilot,,,energy_score_proxy_mse,pilot,COMPLETED,runs/pilot/pilot_M10_default_synthetic_track_c_f0_s11_h20/receipt.json,
pilot_M10_default_synthetic_track_c_f0_s23_h20,M10,default,synthetic_track_c,0,23,20,pilot,,,energy_score_proxy_mse,pilot,COMPLETED,runs/pilot/pilot_M10_default_synthetic_track_c_f0_s23_h20/receipt.json,
pilot_M10_default_synthetic_track_c_f0_s47_h20,M10,default,synthetic_track_c,0,47,20,pilot,,,energy_score_proxy_mse,pilot,COMPLETED,runs/pilot/pilot_M10_default_synthetic_track_c_f0_s47_h20/receipt.json,
pilot_M10_default_synthetic_track_c_f1_s11_h20,M10,default,synthetic_track_c,1,11,20,pilot,,,energy_score_proxy_mse,pilot,COMPLETED,runs/pilot/pilot_M10_default_synthetic_track_c_f1_s11_h20/receipt.json,
pilot_M10_default_synthetic_track_c_f1_s23_h20,M10,default,synthetic_track_c,1,23,20,pilot,,,energy_score_proxy_mse,pilot,COMPLETED,runs/pilot/pilot_M10_default_synthetic_track_c_f1_s23_h20/receipt.json,
pilot_M10_default_synthetic_track_c_f1_s47_h20,M10,default,synthetic_track_c,1,47,20,pilot,,,energy_score_proxy_mse,pilot,COMPLETED,runs/pilot/pilot_M10_default_synthetic_track_c_f1_s47_h20/receipt.json,
pilot_M11_default_etf_track_a_f0_s11_h20,M11,default,etf_track_a,0,11,20,pilot,,,funding_shortfall,pilot,COMPLETED,runs/pilot/pilot_M11_default_etf_track_a_f0_s11_h20/receipt.json,
pilot_M11_default_etf_track_a_f0_s23_h20,M11,default,etf_track_a,0,23,20,pilot,,,funding_shortfall,pilot,COMPLETED,runs/pilot/pilot_M11_default_etf_track_a_f0_s23_h20/receipt.json,
pilot_M11_default_etf_track_a_f0_s47_h20,M11,default,etf_track_a,0,47,20,pilot,,,funding_shortfall,pilot,COMPLETED,runs/pilot/pilot_M11_default_etf_track_a_f0_s47_h20/receipt.json,
pilot_M11_default_etf_track_a_f1_s11_h20,M11,default,etf_track_a,1,11,20,pilot,,,funding_shortfall,pilot,COMPLETED,runs/pilot/pilot_M11_default_etf_track_a_f1_s11_h20/receipt.json,
pilot_M11_default_etf_track_a_f1_s23_h20,M11,default,etf_track_a,1,23,20,pilot,,,funding_shortfall,pilot,COMPLETED,runs/pilot/pilot_M11_default_etf_track_a_f1_s23_h20/receipt.json,
pilot_M11_default_etf_track_a_f1_s47_h20,M11,default,etf_track_a,1,47,20,pilot,,,funding_shortfall,pilot,COMPLETED,runs/pilot/pilot_M11_default_etf_track_a_f1_s47_h20/receipt.json,
pilot_M11_default_synthetic_track_c_f0_s11_h20,M11,default,synthetic_track_c,0,11,20,pilot,,,funding_shortfall,pilot,COMPLETED,runs/pilot/pilot_M11_default_synthetic_track_c_f0_s11_h20/receipt.json,
pilot_M11_default_synthetic_track_c_f0_s23_h20,M11,default,synthetic_track_c,0,23,20,pilot,,,funding_shortfall,pilot,COMPLETED,runs/pilot/pilot_M11_default_synthetic_track_c_f0_s23_h20/receipt.json,
pilot_M11_default_synthetic_track_c_f0_s47_h20,M11,default,synthetic_track_c,0,47,20,pilot,,,funding_shortfall,pilot,COMPLETED,runs/pilot/pilot_M11_default_synthetic_track_c_f0_s47_h20/receipt.json,
pilot_M11_default_synthetic_track_c_f1_s11_h20,M11,default,synthetic_track_c,1,11,20,pilot,,,funding_shortfall,pilot,COMPLETED,runs/pilot/pilot_M11_default_synthetic_track_c_f1_s11_h20/receipt.json,
pilot_M11_default_synthetic_track_c_f1_s23_h20,M11,default,synthetic_track_c,1,23,20,pilot,,,funding_shortfall,pilot,COMPLETED,runs/pilot/pilot_M11_default_synthetic_track_c_f1_s23_h20/receipt.json,
pilot_M11_default_synthetic_track_c_f1_s47_h20,M11,default,synthetic_track_c,1,47,20,pilot,,,funding_shortfall,pilot,COMPLETED,runs/pilot/pilot_M11_default_synthetic_track_c_f1_s47_h20/receipt.json,
pilot_M12_ablation_no_graph_synthetic_track_c_f0_s11_h20,M12,ablation_no_graph,synthetic_track_c,0,11,20,pilot,,,market_mse,pilot,COMPLETED,runs/pilot/pilot_M12_ablation_no_graph_synthetic_track_c_f0_s11_h20/receipt.json,
pilot_M12_ablation_no_liability_synthetic_track_c_f0_s11_h20,M12,ablation_no_liability,synthetic_track_c,0,11,20,pilot,,,market_mse,pilot,COMPLETED,runs/pilot/pilot_M12_ablation_no_liability_synthetic_track_c_f0_s11_h20/receipt.json,
pilot_M12_ablation_no_memory_synthetic_track_c_f0_s11_h20,M12,ablation_no_memory,synthetic_track_c,0,11,20,pilot,,,market_mse,pilot,COMPLETED,runs/pilot/pilot_M12_ablation_no_memory_synthetic_track_c_f0_s11_h20/receipt.json,
pilot_M12_default_etf_track_a_f0_s11_h20,M12,default,etf_track_a,0,11,20,pilot,,,market_mse,pilot,COMPLETED,runs/pilot/pilot_M12_default_etf_track_a_f0_s11_h20/receipt.json,
pilot_M12_default_etf_track_a_f0_s23_h20,M12,default,etf_track_a,0,23,20,pilot,,,market_mse,pilot,COMPLETED,runs/pilot/pilot_M12_default_etf_track_a_f0_s23_h20/receipt.json,
pilot_M12_default_etf_track_a_f0_s47_h20,M12,default,etf_track_a,0,47,20,pilot,,,market_mse,pilot,COMPLETED,runs/pilot/pilot_M12_default_etf_track_a_f0_s47_h20/receipt.json,
pilot_M12_default_etf_track_a_f1_s11_h20,M12,default,etf_track_a,1,11,20,pilot,,,market_mse,pilot,COMPLETED,runs/pilot/pilot_M12_default_etf_track_a_f1_s11_h20/receipt.json,
pilot_M12_default_etf_track_a_f1_s23_h20,M12,default,etf_track_a,1,23,20,pilot,,,market_mse,pilot,COMPLETED,runs/pilot/pilot_M12_default_etf_track_a_f1_s23_h20/receipt.json,
pilot_M12_default_etf_track_a_f1_s47_h20,M12,default,etf_track_a,1,47,20,pilot,,,market_mse,pilot,COMPLETED,runs/pilot/pilot_M12_default_etf_track_a_f1_s47_h20/receipt.json,
pilot_M12_default_synthetic_track_c_f0_s11_h20,M12,default,synthetic_track_c,0,11,20,pilot,,,market_mse,pilot,COMPLETED,runs/pilot/pilot_M12_default_synthetic_track_c_f0_s11_h20/receipt.json,
pilot_M12_default_synthetic_track_c_f0_s23_h20,M12,default,synthetic_track_c,0,23,20,pilot,,,market_mse,pilot,COMPLETED,runs/pilot/pilot_M12_default_synthetic_track_c_f0_s23_h20/receipt.json,
pilot_M12_default_synthetic_track_c_f0_s47_h20,M12,default,synthetic_track_c,0,47,20,pilot,,,market_mse,pilot,COMPLETED,runs/pilot/pilot_M12_default_synthetic_track_c_f0_s47_h20/receipt.json,
pilot_M12_default_synthetic_track_c_f1_s11_h20,M12,default,synthetic_track_c,1,11,20,pilot,,,market_mse,pilot,COMPLETED,runs/pilot/pilot_M12_default_synthetic_track_c_f1_s11_h20/receipt.json,
pilot_M12_default_synthetic_track_c_f1_s23_h20,M12,default,synthetic_track_c,1,23,20,pilot,,,market_mse,pilot,COMPLETED,runs/pilot/pilot_M12_default_synthetic_track_c_f1_s23_h20/receipt.json,
pilot_M12_default_synthetic_track_c_f1_s47_h20,M12,default,synthetic_track_c,1,47,20,pilot,,,market_mse,pilot,COMPLETED,runs/pilot/pilot_M12_default_synthetic_track_c_f1_s47_h20/receipt.json,
smoke_B_EWMA_COV_default_synthetic_track_c_f0_s11_h20,B_EWMA_COV,default,synthetic_track_c,0,11,20,smoke,,,frobenius_cov_error,smoke_tiny,COMPLETED,runs/smoke/smoke_B_EWMA_COV_default_synthetic_track_c_f0_s11_h20/receipt.json,
smoke_B_PERSISTENCE_default_synthetic_track_c_f0_s11_h20,B_PERSISTENCE,default,synthetic_track_c,0,11,20,smoke,,,mse,smoke_tiny,COMPLETED,runs/smoke/smoke_B_PERSISTENCE_default_synthetic_track_c_f0_s11_h20/receipt.json,
smoke_B_RIDGE_default_synthetic_track_c_f0_s11_h20,B_RIDGE,default,synthetic_track_c,0,11,20,smoke,,,mse,smoke_tiny,COMPLETED,runs/smoke/smoke_B_RIDGE_default_synthetic_track_c_f0_s11_h20/receipt.json,
smoke_M01_ablation_no_regime_synthetic_track_c_f0_s11_h20,M01,ablation_no_regime,synthetic_track_c,0,11,20,smoke,,,pinball_loss,smoke_tiny,COMPLETED,runs/smoke/smoke_M01_ablation_no_regime_synthetic_track_c_f0_s11_h20/receipt.json,
smoke_M01_ablation_soft_regime_synthetic_track_c_f0_s11_h20,M01,ablation_soft_regime,synthetic_track_c,0,11,20,smoke,,,pinball_loss,smoke_tiny,COMPLETED,runs/smoke/smoke_M01_ablation_soft_regime_synthetic_track_c_f0_s11_h20/receipt.json,
smoke_M01_default_etf_track_a_f0_s11_h20,M01,default,etf_track_a,0,11,20,smoke,,,pinball_loss,smoke_tiny,COMPLETED,runs/smoke/smoke_M01_default_etf_track_a_f0_s11_h20/receipt.json,
smoke_M01_default_synthetic_track_c_f0_s11_h20,M01,default,synthetic_track_c,0,11,20,smoke,,,pinball_loss,smoke_tiny,COMPLETED,runs/smoke/smoke_M01_default_synthetic_track_c_f0_s11_h20/receipt.json,
smoke_M02_default_etf_track_a_f0_s11_h20,M02,default,etf_track_a,0,11,20,smoke,,,spearman_ic,smoke_tiny,COMPLETED,runs/smoke/smoke_M02_default_etf_track_a_f0_s11_h20/receipt.json,
smoke_M02_default_synthetic_track_c_f0_s11_h20,M02,default,synthetic_track_c,0,11,20,smoke,,,spearman_ic,smoke_tiny,COMPLETED,runs/smoke/smoke_M02_default_synthetic_track_c_f0_s11_h20/receipt.json,
smoke_M03_default_etf_track_a_f0_s11_h20,M03,default,etf_track_a,0,11,20,smoke,,,mse,smoke_tiny,COMPLETED,runs/smoke/smoke_M03_default_etf_track_a_f0_s11_h20/receipt.json,
smoke_M03_default_synthetic_track_c_f0_s11_h20,M03,default,synthetic_track_c,0,11,20,smoke,,,mse,smoke_tiny,COMPLETED,runs/smoke/smoke_M03_default_synthetic_track_c_f0_s11_h20/receipt.json,
smoke_M04_ablation_mlp_backbone_synthetic_track_c_f0_s11_h20,M04,ablation_mlp_backbone,synthetic_track_c,0,11,20,smoke,,,mse,smoke_tiny,COMPLETED,runs/smoke/smoke_M04_ablation_mlp_backbone_synthetic_track_c_f0_s11_h20/receipt.json,
smoke_M04_default_etf_track_a_f0_s11_h20,M04,default,etf_track_a,0,11,20,smoke,,,mse,smoke_tiny,COMPLETED,runs/smoke/smoke_M04_default_etf_track_a_f0_s11_h20/receipt.json,
smoke_M04_default_synthetic_track_c_f0_s11_h20,M04,default,synthetic_track_c,0,11,20,smoke,,,mse,smoke_tiny,COMPLETED,runs/smoke/smoke_M04_default_synthetic_track_c_f0_s11_h20/receipt.json,
smoke_M05_ablation_linear_only_synthetic_track_c_f0_s11_h20,M05,ablation_linear_only,synthetic_track_c,0,11,20,smoke,,,mse,smoke_tiny,COMPLETED,runs/smoke/smoke_M05_ablation_linear_only_synthetic_track_c_f0_s11_h20/receipt.json,
smoke_M05_default_etf_track_a_f0_s11_h20,M05,default,etf_track_a,0,11,20,smoke,,,mse,smoke_tiny,COMPLETED,runs/smoke/smoke_M05_default_etf_track_a_f0_s11_h20/receipt.json,
smoke_M05_default_synthetic_track_c_f0_s11_h20,M05,default,synthetic_track_c,0,11,20,smoke,,,mse,smoke_tiny,COMPLETED,runs/smoke/smoke_M05_default_synthetic_track_c_f0_s11_h20/receipt.json,
smoke_M06_default_etf_track_a_f0_s11_h20,M06,default,etf_track_a,0,11,20,smoke,,,latent_mse,smoke_tiny,COMPLETED,runs/smoke/smoke_M06_default_etf_track_a_f0_s11_h20/receipt.json,
smoke_M06_default_synthetic_track_c_f0_s11_h20,M06,default,synthetic_track_c,0,11,20,smoke,,,latent_mse,smoke_tiny,COMPLETED,runs/smoke/smoke_M06_default_synthetic_track_c_f0_s11_h20/receipt.json,
smoke_M07_default_etf_track_a_f0_s11_h20,M07,default,etf_track_a,0,11,20,smoke,,,cov_forecast_mse,smoke_tiny,COMPLETED,runs/smoke/smoke_M07_default_etf_track_a_f0_s11_h20/receipt.json,
smoke_M07_default_synthetic_track_c_f0_s11_h20,M07,default,synthetic_track_c,0,11,20,smoke,,,cov_forecast_mse,smoke_tiny,COMPLETED,runs/smoke/smoke_M07_default_synthetic_track_c_f0_s11_h20/receipt.json,
smoke_M08_default_etf_track_a_f0_s11_h20,M08,default,etf_track_a,0,11,20,smoke,,,graph_latent_mse,smoke_tiny,COMPLETED,runs/smoke/smoke_M08_default_etf_track_a_f0_s11_h20/receipt.json,
smoke_M08_default_synthetic_track_c_f0_s11_h20,M08,default,synthetic_track_c,0,11,20,smoke,,,graph_latent_mse,smoke_tiny,COMPLETED,runs/smoke/smoke_M08_default_synthetic_track_c_f0_s11_h20/receipt.json,
smoke_M09_default_etf_track_a_f0_s11_h20,M09,default,etf_track_a,0,11,20,smoke,,,mse,smoke_tiny,COMPLETED,runs/smoke/smoke_M09_default_etf_track_a_f0_s11_h20/receipt.json,
smoke_M09_default_synthetic_track_c_f0_s11_h20,M09,default,synthetic_track_c,0,11,20,smoke,,,mse,smoke_tiny,COMPLETED,runs/smoke/smoke_M09_default_synthetic_track_c_f0_s11_h20/receipt.json,
smoke_M10_default_etf_track_a_f0_s11_h20,M10,default,etf_track_a,0,11,20,smoke,,,energy_score_proxy_mse,smoke_tiny,COMPLETED,runs/smoke/smoke_M10_default_etf_track_a_f0_s11_h20/receipt.json,
smoke_M10_default_synthetic_track_c_f0_s11_h20,M10,default,synthetic_track_c,0,11,20,smoke,,,energy_score_proxy_mse,smoke_tiny,COMPLETED,runs/smoke/smoke_M10_default_synthetic_track_c_f0_s11_h20/receipt.json,
smoke_M11_default_etf_track_a_f0_s11_h20,M11,default,etf_track_a,0,11,20,smoke,,,funding_shortfall,smoke_tiny,COMPLETED,runs/smoke/smoke_M11_default_etf_track_a_f0_s11_h20/receipt.json,
smoke_M11_default_synthetic_track_c_f0_s11_h20,M11,default,synthetic_track_c,0,11,20,smoke,,,funding_shortfall,smoke_tiny,COMPLETED,runs/smoke/smoke_M11_default_synthetic_track_c_f0_s11_h20/receipt.json,
smoke_M12_ablation_no_graph_synthetic_track_c_f0_s11_h20,M12,ablation_no_graph,synthetic_track_c,0,11,20,smoke,,,market_mse,smoke_tiny,COMPLETED,runs/smoke/smoke_M12_ablation_no_graph_synthetic_track_c_f0_s11_h20/receipt.json,
smoke_M12_ablation_no_liability_synthetic_track_c_f0_s11_h20,M12,ablation_no_liability,synthetic_track_c,0,11,20,smoke,,,market_mse,smoke_tiny,COMPLETED,runs/smoke/smoke_M12_ablation_no_liability_synthetic_track_c_f0_s11_h20/receipt.json,
smoke_M12_ablation_no_memory_synthetic_track_c_f0_s11_h20,M12,ablation_no_memory,synthetic_track_c,0,11,20,smoke,,,market_mse,smoke_tiny,COMPLETED,runs/smoke/smoke_M12_ablation_no_memory_synthetic_track_c_f0_s11_h20/receipt.json,
smoke_M12_default_etf_track_a_f0_s11_h20,M12,default,etf_track_a,0,11,20,smoke,,,market_mse,smoke_tiny,COMPLETED,runs/smoke/smoke_M12_default_etf_track_a_f0_s11_h20/receipt.json,
smoke_M12_default_synthetic_track_c_f0_s11_h20,M12,default,synthetic_track_c,0,11,20,smoke,,,market_mse,smoke_tiny,COMPLETED,runs/smoke/smoke_M12_default_synthetic_track_c_f0_s11_h20/receipt.json,
